id,name,email,ip,timestamp
1,David Williams,david.williams@email.com,127.0.0.27,2024-04-01 07:29:00
2,Mary Davis,mary.davis@mail.com,127.0.0.108,2020-09-28 13:14:58
3,Michael Hernandez,michael.hernandez@mail.com,127.0.0.195,2022-06-03 16:27:44
4,David Martinez,david.martinez@mail.com,127.0.0.246,2024-12-06 14:48:51
5,Barbara Johnson,barbara.johnson@inbox.com,127.0.0.144,2024-04-21 16:23:24
6,William Taylor,william.taylor@email.com,127.0.0.81,2021-01-17 19:42:14
7,Mary Martinez,mary.martinez@email.com,127.0.0.96,2022-01-06 02:09:59
8,John Garcia,john.garcia@example.com,127.0.0.8,2021-11-23 17:24:21
9,John White,john.white@example.com,127.0.0.42,2022-07-13 03:13:20
10,James Hernandez,james.hernandez@email.com,127.0.0.53,2022-04-09 19:50:30
11,Karen Brown,karen.brown@mail.com,127.0.0.13,2023-08-25 14:29:12
12,Susan Rodriguez,susan.rodriguez@inbox.com,127.0.0.60,2021-04-22 16:36:51
13,Joseph Martinez,joseph.martinez@mail.com,127.0.0.139,2023-05-07 19:31:36
14,Linda Martin,linda.martin@inbox.com,127.0.0.234,2021-08-05 04:14:05
15,Robert Williams,robert.williams@email.com,127.0.0.218,2021-11-25 22:07:23
16,Barbara Wilson,barbara.wilson@inbox.com,127.0.0.169,2020-02-21 12:33:40
17,David Garcia,david.garcia@example.com,127.0.0.9,2021-07-18 11:58:22
18,Michael Hernandez,michael.hernandez@mail.com,127.0.0.4,2022-07-22 03:09:21
19,Susan Martinez,susan.martinez@example.com,127.0.0.81,2021-12-02 20:37:46
20,David Smith,david.smith@email.com,127.0.0.21,2024-02-13 20:11:36
21,Jessica Martinez,jessica.martinez@inbox.com,127.0.0.134,2024-06-12 23:06:33
22,Jennifer Rodriguez,jennifer.rodriguez@mail.com,127.0.0.0,2024-04-03 03:06:34
23,Mary Wilson,mary.wilson@example.com,127.0.0.19,2020-06-03 04:36:57
24,John Thomas,john.thomas@mail.com,127.0.0.41,2020-08-19 06:55:44
25,Karen Martin,karen.martin@inbox.com,127.0.0.123,2024-12-20 16:58:15
26,Michael Smith,michael.smith@mail.com,127.0.0.164,2020-12-22 21:30:14
27,James Martin,james.martin@inbox.com,127.0.0.58,2021-07-07 05:02:04
28,Jessica Rodriguez,jessica.rodriguez@inbox.com,127.0.0.110,2022-06-13 15:44:56
29,William Brown,william.brown@example.com,127.0.0.13,2020-06-11 07:51:18
30,Sarah Williams,sarah.williams@email.com,127.0.0.130,2021-02-17 21:07:53
31,Thomas Smith,thomas.smith@example.com,127.0.0.173,2020-09-23 17:15:03
32,Elizabeth Hernandez,elizabeth.hernandez@inbox.com,127.0.0.137,2023-10-05 00:35:59
33,Jennifer Davis,jennifer.davis@mail.com,127.0.0.20,2020-04-06 12:26:15
34,Patricia Smith,patricia.smith@mail.com,127.0.0.75,2020-01-03 21:32:13
35,Jessica Johnson,jessica.johnson@mail.com,127.0.0.92,2023-09-27 23:26:36
36,Barbara Taylor,barbara.taylor@email.com,127.0.0.93,2024-01-10 04:59:50
37,James Taylor,james.taylor@mail.com,127.0.0.189,2022-12-22 00:39:43
38,Michael Davis,michael.davis@email.com,127.0.0.152,2024-08-22 10:48:16
39,Patricia Brown,patricia.brown@example.com,127.0.0.235,2020-09-16 22:54:11
40,Sarah Johnson,sarah.johnson@inbox.com,127.0.0.2,2022-06-08 15:26:22
41,Jessica Brown,jessica.brown@inbox.com,127.0.0.175,2021-02-17 04:37:57
42,John Martinez,john.martinez@mail.com,127.0.0.245,2021-08-18 14:05:29
43,Barbara Moore,barbara.moore@mail.com,127.0.0.94,2020-03-11 00:11:04
44,Charles Anderson,charles.anderson@email.com,127.0.0.149,2024-10-25 13:24:58
45,Jennifer Hernandez,jennifer.hernandez@mail.com,127.0.0.42,2024-01-06 11:36:09
46,Mary Taylor,mary.taylor@example.com,127.0.0.197,2021-10-02 19:35:10
47,John Thomas,john.thomas@inbox.com,127.0.0.45,2024-08-03 14:59:09
48,Robert Thompson,robert.thompson@email.com,127.0.0.3,2021-10-08 09:05:31
49,Michael Martin,michael.martin@inbox.com,127.0.0.95,2021-06-03 20:51:48
50,John White,john.white@email.com,127.0.0.241,2020-12-15 16:50:54
51,Karen Anderson,karen.anderson@example.com,127.0.0.76,2021-12-23 08:37:50
52,Patricia Martin,patricia.martin@email.com,127.0.0.27,2021-07-07 23:25:12
53,Susan Moore,susan.moore@email.com,127.0.0.156,2020-10-24 22:54:19
54,Thomas Martinez,thomas.martinez@example.com,127.0.0.39,2024-03-15 10:15:06
55,Barbara Williams,barbara.williams@inbox.com,127.0.0.245,2022-01-16 15:27:50
56,James Thompson,james.thompson@example.com,127.0.0.120,2021-01-19 09:56:17
57,Charles Jones,charles.jones@inbox.com,127.0.0.75,2021-09-22 06:32:59
58,Jennifer Rodriguez,jennifer.rodriguez@inbox.com,127.0.0.37,2020-07-06 10:28:06
59,Michael White,michael.white@mail.com,127.0.0.139,2023-08-10 18:03:23
60,Mary Garcia,mary.garcia@example.com,127.0.0.196,2022-10-02 11:08:21
61,John Martin,john.martin@example.com,127.0.0.153,2022-07-10 22:31:30
62,Patricia Martinez,patricia.martinez@mail.com,127.0.0.55,2023-07-10 02:37:36
63,James Taylor,james.taylor@mail.com,127.0.0.215,2023-09-05 23:05:10
64,Richard Garcia,richard.garcia@mail.com,127.0.0.84,2021-05-24 22:52:37
65,Sarah Garcia,sarah.garcia@inbox.com,127.0.0.162,2021-12-11 06:09:32
66,Charles Martinez,charles.martinez@mail.com,127.0.0.207,2020-10-12 03:56:01
67,James Hernandez,james.hernandez@email.com,127.0.0.142,2020-04-10 07:35:38
68,James Hernandez,james.hernandez@example.com,127.0.0.222,2020-07-15 05:13:44
69,Elizabeth Martinez,elizabeth.martinez@email.com,127.0.0.67,2024-02-03 01:57:48
70,Michael Garcia,michael.garcia@email.com,127.0.0.11,2022-04-18 01:05:03
71,Karen White,karen.white@mail.com,127.0.0.75,2021-01-10 02:33:44
72,Jennifer Davis,jennifer.davis@mail.com,127.0.0.145,2023-11-28 20:11:08
73,Joseph Jones,joseph.jones@email.com,127.0.0.36,2020-09-09 10:13:55
74,John Taylor,john.taylor@mail.com,127.0.0.57,2023-06-06 09:44:47
75,Mary Martinez,mary.martinez@email.com,127.0.0.80,2020-12-11 10:10:57
76,Linda Jackson,linda.jackson@email.com,127.0.0.218,2021-02-27 00:41:32
77,Joseph Thompson,joseph.thompson@mail.com,127.0.0.41,2020-04-07 16:05:57
78,Linda Garcia,linda.garcia@example.com,127.0.0.230,2021-11-05 23:06:41
79,David Thompson,david.thompson@inbox.com,127.0.0.40,2020-11-17 20:19:50
80,Sarah Thompson,sarah.thompson@inbox.com,127.0.0.249,2023-12-24 18:30:15
81,Jennifer Taylor,jennifer.taylor@email.com,127.0.0.122,2023-12-14 10:19:54
82,Mary Thomas,mary.thomas@example.com,127.0.0.27,2023-05-25 19:40:42
83,Charles Brown,charles.brown@mail.com,127.0.0.110,2023-10-15 19:40:27
84,Patricia Thompson,patricia.thompson@mail.com,127.0.0.164,2021-10-28 02:06:03
85,Linda Johnson,linda.johnson@inbox.com,127.0.0.0,2024-05-13 13:54:35
86,Joseph Martin,joseph.martin@mail.com,127.0.0.239,2024-06-24 17:18:34
87,Mary Moore,mary.moore@example.com,127.0.0.214,2022-02-12 14:44:56
88,Michael Thompson,michael.thompson@mail.com,127.0.0.215,2023-11-27 18:43:24
89,Elizabeth Martin,elizabeth.martin@email.com,127.0.0.47,2022-07-13 04:00:28
90,Elizabeth Johnson,elizabeth.johnson@inbox.com,127.0.0.223,2024-11-12 05:01:10
91,Thomas Wilson,thomas.wilson@email.com,127.0.0.1,2022-01-27 08:45:31
92,Elizabeth Hernandez,elizabeth.hernandez@inbox.com,127.0.0.96,2022-08-05 10:58:07
93,David Jackson,david.jackson@email.com,127.0.0.112,2020-11-02 21:47:34
94,James Miller,james.miller@example.com,127.0.0.220,2022-05-02 04:12:20
95,Thomas Smith,thomas.smith@example.com,127.0.0.86,2022-03-05 03:08:02
96,Charles Martinez,charles.martinez@inbox.com,127.0.0.99,2021-03-04 19:50:09
97,Joseph Taylor,joseph.taylor@example.com,127.0.0.22,2023-01-04 18:20:03
98,Karen Brown,karen.brown@mail.com,127.0.0.61,2020-08-15 20:22:50
99,David Brown,david.brown@mail.com,127.0.0.171,2024-02-26 08:21:36
100,Jessica Moore,jessica.moore@example.com,127.0.0.223,2022-08-11 12:52:47
101,Michael Rodriguez,michael.rodriguez@email.com,127.0.0.60,2020-10-21 16:55:14
102,Sarah Moore,sarah.moore@mail.com,127.0.0.42,2024-04-07 09:31:57
103,Jessica Anderson,jessica.anderson@example.com,127.0.0.11,2022-08-07 13:36:24
104,Mary Martin,mary.martin@inbox.com,127.0.0.70,2021-10-19 03:40:34
105,David Moore,david.moore@example.com,127.0.0.41,2023-01-25 15:26:39
106,Barbara Garcia,barbara.garcia@example.com,127.0.0.195,2021-01-12 15:40:38
107,James Hernandez,james.hernandez@mail.com,127.0.0.167,2024-01-02 10:01:37
108,John White,john.white@inbox.com,127.0.0.212,2020-09-04 19:40:55
109,Elizabeth Thompson,elizabeth.thompson@email.com,127.0.0.159,2021-10-13 11:37:09
110,Mary Martin,mary.martin@mail.com,127.0.0.42,2022-05-01 09:52:42
111,Jennifer Hernandez,jennifer.hernandez@mail.com,127.0.0.57,2023-09-22 14:59:10
112,William Jones,william.jones@example.com,127.0.0.71,2021-11-03 02:42:55
113,Elizabeth Smith,elizabeth.smith@mail.com,127.0.0.141,2021-03-06 02:51:06
114,Barbara Wilson,barbara.wilson@example.com,127.0.0.181,2020-12-23 10:07:02
115,Robert Williams,robert.williams@mail.com,127.0.0.40,2024-04-14 11:26:56
116,David Jones,david.jones@example.com,127.0.0.183,2020-03-01 14:45:13
117,Richard Davis,richard.davis@inbox.com,127.0.0.10,2021-07-22 13:23:23
118,Charles Martinez,charles.martinez@mail.com,127.0.0.25,2024-04-16 23:05:11
119,John Davis,john.davis@email.com,127.0.0.11,2021-02-11 19:57:47
120,Joseph Brown,joseph.brown@inbox.com,127.0.0.172,2023-08-06 00:26:54
121,Jessica Rodriguez,jessica.rodriguez@email.com,127.0.0.85,2020-12-02 08:22:43
122,John Rodriguez,john.rodriguez@mail.com,127.0.0.6,2021-06-18 12:11:23
123,Sarah Davis,sarah.davis@mail.com,127.0.0.214,2022-01-28 19:27:27
124,Charles Anderson,charles.anderson@mail.com,127.0.0.17,2024-06-07 14:21:05
125,William Hernandez,william.hernandez@inbox.com,127.0.0.50,2021-08-16 21:57:01
126,John Johnson,john.johnson@mail.com,127.0.0.64,2023-06-12 12:10:58
127,Patricia Hernandez,patricia.hernandez@email.com,127.0.0.125,2024-12-04 05:59:05
128,Elizabeth Johnson,elizabeth.johnson@email.com,127.0.0.168,2023-10-23 18:25:06
129,Jessica Rodriguez,jessica.rodriguez@email.com,127.0.0.54,2020-03-05 19:45:34
130,Barbara Taylor,barbara.taylor@email.com,127.0.0.201,2021-08-11 01:25:53
131,Robert Martin,robert.martin@inbox.com,127.0.0.196,2023-06-22 15:34:11
132,Barbara Taylor,barbara.taylor@inbox.com,127.0.0.169,2022-09-05 13:24:44
133,Joseph Jones,joseph.jones@inbox.com,127.0.0.178,2023-08-07 11:54:46
134,Mary Hernandez,mary.hernandez@mail.com,127.0.0.45,2022-10-27 08:19:24
135,Linda Smith,linda.smith@inbox.com,127.0.0.41,2022-04-19 14:11:41
136,David Thompson,david.thompson@inbox.com,127.0.0.230,2022-09-21 23:02:21
137,Charles Moore,charles.moore@example.com,127.0.0.176,2023-08-10 20:43:21
138,David Williams,david.williams@mail.com,127.0.0.59,2024-10-20 13:12:39
139,John Taylor,john.taylor@email.com,127.0.0.42,2023-05-06 05:28:02
140,Charles Martin,charles.martin@mail.com,127.0.0.14,2024-05-15 06:47:03
141,Robert Jones,robert.jones@email.com,127.0.0.99,2021-05-28 17:09:31
142,Jennifer Davis,jennifer.davis@email.com,127.0.0.208,2022-08-11 11:15:04
143,Thomas Martin,thomas.martin@email.com,127.0.0.52,2022-04-06 21:33:44
144,Robert Brown,robert.brown@email.com,127.0.0.110,2021-03-02 04:34:33
145,Barbara Taylor,barbara.taylor@mail.com,127.0.0.42,2022-11-10 22:08:36
146,Jessica Thompson,jessica.thompson@example.com,127.0.0.11,2023-02-17 06:14:35
147,Charles Jackson,charles.jackson@inbox.com,127.0.0.202,2022-10-07 21:24:51
148,Joseph Moore,joseph.moore@email.com,127.0.0.213,2020-09-06 16:39:05
149,Jennifer Wilson,jennifer.wilson@email.com,127.0.0.159,2023-01-03 21:18:38
150,Thomas Thomas,thomas.thomas@example.com,127.0.0.223,2020-05-24 21:06:53
151,Jessica Taylor,jessica.taylor@inbox.com,127.0.0.120,2021-05-20 09:14:42
152,Jennifer Thompson,jennifer.thompson@mail.com,127.0.0.46,2022-01-14 05:10:12
153,Karen Johnson,karen.johnson@mail.com,127.0.0.104,2021-01-01 20:57:08
154,Barbara Williams,barbara.williams@mail.com,127.0.0.29,2022-01-17 01:18:42
155,John Anderson,john.anderson@email.com,127.0.0.80,2024-01-25 17:47:30
156,Mary Thomas,mary.thomas@inbox.com,127.0.0.17,2021-06-21 11:28:07
157,Thomas White,thomas.white@mail.com,127.0.0.212,2022-01-21 15:13:42
158,Susan Garcia,susan.garcia@email.com,127.0.0.22,2024-12-23 19:57:07
159,Karen Thompson,karen.thompson@example.com,127.0.0.150,2024-06-26 20:59:57
160,Jennifer Hernandez,jennifer.hernandez@inbox.com,127.0.0.0,2022-03-10 09:49:18
161,Jennifer Williams,jennifer.williams@inbox.com,127.0.0.65,2020-03-11 11:41:12
162,Jennifer Taylor,jennifer.taylor@mail.com,127.0.0.68,2023-03-14 20:39:34
163,Thomas Davis,thomas.davis@mail.com,127.0.0.199,2024-11-06 09:49:01
164,Mary Martin,mary.martin@mail.com,127.0.0.84,2020-04-23 23:20:39
165,Jennifer Thompson,jennifer.thompson@mail.com,127.0.0.237,2023-05-20 22:54:34
166,David Davis,david.davis@email.com,127.0.0.20,2021-09-14 19:17:13
167,Thomas Thompson,thomas.thompson@inbox.com,127.0.0.242,2022-04-23 17:56:45
168,Michael Martinez,michael.martinez@inbox.com,127.0.0.110,2021-01-12 22:09:01
169,Sarah White,sarah.white@inbox.com,127.0.0.136,2020-10-05 15:05:54
170,Jennifer Taylor,jennifer.taylor@inbox.com,127.0.0.192,2022-06-14 04:02:40
171,Michael Jones,michael.jones@inbox.com,127.0.0.16,2020-12-04 11:01:35
172,Elizabeth White,elizabeth.white@mail.com,127.0.0.250,2022-12-11 16:38:05
173,Thomas Smith,thomas.smith@email.com,127.0.0.86,2023-10-13 20:53:20
174,Barbara Johnson,barbara.johnson@example.com,127.0.0.184,2024-05-02 12:37:11
175,Karen Thompson,karen.thompson@inbox.com,127.0.0.232,2021-01-02 17:01:20
176,Thomas Miller,thomas.miller@inbox.com,127.0.0.61,2022-04-09 18:09:58
177,James Johnson,james.johnson@email.com,127.0.0.33,2021-08-16 22:43:12
178,Thomas Johnson,thomas.johnson@email.com,127.0.0.203,2021-04-11 03:21:33
179,Jessica Davis,jessica.davis@mail.com,127.0.0.37,2020-04-27 21:36:28
180,Mary Rodriguez,mary.rodriguez@example.com,127.0.0.13,2024-04-25 06:44:47
181,David Taylor,david.taylor@inbox.com,127.0.0.239,2020-05-23 19:46:51
182,Patricia Thomas,patricia.thomas@example.com,127.0.0.200,2023-01-02 17:27:16
183,Patricia Martin,patricia.martin@example.com,127.0.0.118,2021-05-26 13:59:12
184,Joseph Martinez,joseph.martinez@inbox.com,127.0.0.128,2023-10-21 03:29:01
185,Jessica Johnson,jessica.johnson@example.com,127.0.0.29,2023-10-23 10:48:09
186,Robert Johnson,robert.johnson@example.com,127.0.0.219,2023-09-21 08:35:46
187,Jennifer Davis,jennifer.davis@inbox.com,127.0.0.226,2021-03-19 15:45:08
188,John Martinez,john.martinez@mail.com,127.0.0.200,2023-04-18 14:44:17
189,Barbara Jackson,barbara.jackson@email.com,127.0.0.128,2020-04-02 12:13:58
190,Karen Thompson,karen.thompson@mail.com,127.0.0.69,2020-03-19 23:38:22
191,Richard Taylor,richard.taylor@example.com,127.0.0.37,2020-11-28 21:24:04
192,Patricia Thomas,patricia.thomas@mail.com,127.0.0.75,2022-04-25 02:06:30
193,Linda Hernandez,linda.hernandez@email.com,127.0.0.5,2022-07-03 00:01:21
194,Joseph Jones,joseph.jones@example.com,127.0.0.230,2020-08-10 17:38:36
195,James Wilson,james.wilson@example.com,127.0.0.34,2021-12-19 16:16:02
196,Susan Garcia,susan.garcia@inbox.com,127.0.0.45,2024-02-25 21:04:47
197,William Smith,william.smith@email.com,127.0.0.190,2023-05-26 08:17:14
198,Karen Wilson,karen.wilson@mail.com,127.0.0.164,2023-09-02 00:25:05
199,Barbara Rodriguez,barbara.rodriguez@inbox.com,127.0.0.166,2022-05-02 21:25:27
200,Joseph Thomas,joseph.thomas@example.com,127.0.0.134,2024-11-20 00:06:25
201,Karen White,karen.white@example.com,127.0.0.50,2023-01-08 14:17:46
202,Linda Garcia,linda.garcia@email.com,127.0.0.7,2023-03-02 01:09:04
203,Robert Jackson,robert.jackson@inbox.com,127.0.0.15,2022-10-17 21:14:02
204,Jennifer Taylor,jennifer.taylor@mail.com,127.0.0.190,2022-08-24 15:50:36
205,Joseph Williams,joseph.williams@mail.com,127.0.0.26,2022-05-03 06:32:20
206,Thomas Garcia,thomas.garcia@email.com,127.0.0.10,2024-03-18 18:25:22
207,Richard Taylor,richard.taylor@mail.com,127.0.0.139,2021-08-28 23:08:07
208,Thomas Miller,thomas.miller@mail.com,127.0.0.129,2022-06-03 18:25:07
209,Charles Anderson,charles.anderson@example.com,127.0.0.175,2023-01-10 16:39:56
210,Sarah Taylor,sarah.taylor@inbox.com,127.0.0.21,2020-11-18 22:50:46
211,David Hernandez,david.hernandez@example.com,127.0.0.227,2022-10-28 07:10:43
212,Michael Martinez,michael.martinez@mail.com,127.0.0.6,2024-12-06 06:06:45
213,Charles Jones,charles.jones@inbox.com,127.0.0.44,2022-01-07 02:45:42
214,Linda Garcia,linda.garcia@example.com,127.0.0.247,2023-03-02 03:46:04
215,Patricia Rodriguez,patricia.rodriguez@email.com,127.0.0.5,2024-07-24 09:27:41
216,Sarah Brown,sarah.brown@email.com,127.0.0.32,2021-09-13 15:27:53
217,Karen Garcia,karen.garcia@email.com,127.0.0.71,2021-01-02 03:27:11
218,Mary Miller,mary.miller@example.com,127.0.0.77,2021-06-14 14:37:57
219,William Smith,william.smith@inbox.com,127.0.0.153,2021-10-16 11:23:37
220,Karen Miller,karen.miller@mail.com,127.0.0.22,2022-08-14 01:39:15
221,Karen Jones,karen.jones@example.com,127.0.0.10,2022-11-05 19:30:21
222,Richard Hernandez,richard.hernandez@email.com,127.0.0.184,2021-07-07 12:58:26
223,Charles White,charles.white@email.com,127.0.0.103,2024-11-01 23:54:10
224,Sarah Moore,sarah.moore@inbox.com,127.0.0.135,2020-10-27 14:50:40
225,William Brown,william.brown@example.com,127.0.0.65,2021-08-23 09:57:56
226,Jennifer Smith,jennifer.smith@email.com,127.0.0.162,2020-11-01 02:13:00
227,Thomas Miller,thomas.miller@email.com,127.0.0.242,2022-09-12 17:08:49
228,Joseph Moore,joseph.moore@inbox.com,127.0.0.209,2024-05-23 00:43:36
229,Patricia Moore,patricia.moore@email.com,127.0.0.162,2022-07-19 23:35:41
230,Mary Jackson,mary.jackson@example.com,127.0.0.48,2020-10-21 02:49:03
231,Karen Davis,karen.davis@inbox.com,127.0.0.203,2022-06-19 04:38:10
232,William Miller,william.miller@email.com,127.0.0.0,2022-03-11 21:42:53
233,Elizabeth Rodriguez,elizabeth.rodriguez@example.com,127.0.0.98,2020-12-17 09:46:30
234,Patricia Martin,patricia.martin@inbox.com,127.0.0.235,2022-08-05 00:14:51
235,Robert Martinez,robert.martinez@email.com,127.0.0.108,2022-04-16 10:48:22
236,Jessica Thompson,jessica.thompson@example.com,127.0.0.0,2022-04-03 07:24:01
237,Jessica Martinez,jessica.martinez@email.com,127.0.0.235,2023-02-26 03:55:12
238,Thomas Garcia,thomas.garcia@mail.com,127.0.0.204,2021-10-04 10:10:43
239,Elizabeth Williams,elizabeth.williams@mail.com,127.0.0.199,2022-04-18 15:51:31
240,James Davis,james.davis@mail.com,127.0.0.18,2021-04-24 03:48:13
241,Mary Taylor,mary.taylor@mail.com,127.0.0.163,2020-12-19 18:14:18
242,Barbara Smith,barbara.smith@example.com,127.0.0.93,2023-12-12 08:19:28
243,Karen Thomas,karen.thomas@inbox.com,127.0.0.115,2023-07-21 02:50:28
244,Jennifer Hernandez,jennifer.hernandez@mail.com,127.0.0.15,2022-06-24 05:19:45
245,Linda Jackson,linda.jackson@inbox.com,127.0.0.97,2023-02-15 13:38:08
246,Michael White,michael.white@example.com,127.0.0.52,2022-04-09 11:02:34
247,Thomas Wilson,thomas.wilson@example.com,127.0.0.230,2020-05-15 03:06:24
248,Charles Williams,charles.williams@email.com,127.0.0.110,2020-03-21 19:48:44
249,Susan Smith,susan.smith@mail.com,127.0.0.61,2022-06-26 09:58:36
250,Susan Rodriguez,susan.rodriguez@email.com,127.0.0.111,2021-04-14 20:59:40
251,Mary Thompson,mary.thompson@email.com,127.0.0.74,2021-04-12 23:40:47
252,Barbara Jackson,barbara.jackson@email.com,127.0.0.197,2023-09-05 18:01:27
253,Charles White,charles.white@mail.com,127.0.0.26,2023-03-11 03:45:20
254,William Davis,william.davis@inbox.com,127.0.0.58,2024-03-06 08:10:52
255,William Martinez,william.martinez@inbox.com,127.0.0.219,2023-11-02 21:42:14
256,Charles White,charles.white@inbox.com,127.0.0.131,2023-07-23 06:51:57
257,Jennifer Moore,jennifer.moore@inbox.com,127.0.0.41,2021-09-12 02:10:22
258,Thomas Thomas,thomas.thomas@example.com,127.0.0.29,2024-02-16 14:59:28
259,Karen Moore,karen.moore@mail.com,127.0.0.9,2023-10-15 02:50:19
260,Patricia Thompson,patricia.thompson@mail.com,127.0.0.246,2021-05-05 11:09:38
261,William Hernandez,william.hernandez@mail.com,127.0.0.40,2024-03-14 05:28:27
262,James Brown,james.brown@mail.com,127.0.0.219,2022-10-20 14:28:48
263,Joseph White,joseph.white@email.com,127.0.0.207,2024-11-14 07:31:59
264,Sarah Anderson,sarah.anderson@example.com,127.0.0.224,2021-10-25 06:30:51
265,Robert White,robert.white@email.com,127.0.0.136,2020-12-08 18:29:09
266,Jennifer Rodriguez,jennifer.rodriguez@inbox.com,127.0.0.208,2022-09-15 12:49:00
267,Jessica White,jessica.white@example.com,127.0.0.108,2021-10-04 22:42:02
268,Thomas Brown,thomas.brown@inbox.com,127.0.0.230,2024-10-11 13:17:57
269,Elizabeth Anderson,elizabeth.anderson@mail.com,127.0.0.22,2021-10-18 02:11:49
270,John Thompson,john.thompson@example.com,127.0.0.105,2022-06-09 03:05:23
271,William Wilson,william.wilson@example.com,127.0.0.140,2020-06-13 05:21:44
272,Elizabeth Martin,elizabeth.martin@example.com,127.0.0.13,2023-12-18 04:23:01
273,Linda Martinez,linda.martinez@example.com,127.0.0.68,2024-11-05 20:49:36
274,Sarah Jones,sarah.jones@mail.com,127.0.0.68,2023-08-17 07:12:19
275,Susan Thompson,susan.thompson@mail.com,127.0.0.244,2022-07-02 18:12:13
276,Robert Wilson,robert.wilson@email.com,127.0.0.47,2021-06-20 06:34:33
277,Sarah Taylor,sarah.taylor@example.com,127.0.0.38,2022-07-13 04:21:12
278,Jennifer Miller,jennifer.miller@email.com,127.0.0.190,2021-04-09 21:37:06
279,Jessica Jones,jessica.jones@email.com,127.0.0.174,2024-08-17 03:18:06
280,Mary Smith,mary.smith@inbox.com,127.0.0.9,2022-10-20 06:07:41
281,Linda Thomas,linda.thomas@inbox.com,127.0.0.158,2020-06-18 04:54:42
282,William Brown,william.brown@email.com,127.0.0.70,2022-09-12 16:51:16
283,William Moore,william.moore@example.com,127.0.0.26,2024-12-14 17:33:07
284,Sarah Thomas,sarah.thomas@email.com,127.0.0.131,2021-01-23 11:33:14
285,David White,david.white@email.com,127.0.0.209,2023-05-09 20:24:58
286,David Rodriguez,david.rodriguez@inbox.com,127.0.0.163,2021-01-01 11:15:39
287,Karen White,karen.white@example.com,127.0.0.11,2020-01-07 19:31:44
288,Charles White,charles.white@example.com,127.0.0.213,2022-06-27 04:17:38
289,Richard Williams,richard.williams@example.com,127.0.0.253,2020-10-28 08:27:16
290,Karen Martinez,karen.martinez@mail.com,127.0.0.248,2022-09-11 10:00:32
291,Susan Miller,susan.miller@mail.com,127.0.0.136,2022-11-09 15:37:56
292,Barbara Brown,barbara.brown@email.com,127.0.0.222,2021-11-17 08:26:28
293,Richard Garcia,richard.garcia@example.com,127.0.0.132,2022-10-20 14:49:11
294,David Brown,david.brown@inbox.com,127.0.0.188,2024-02-10 19:42:12
295,Charles White,charles.white@mail.com,127.0.0.108,2024-11-18 15:31:19
296,Charles Taylor,charles.taylor@example.com,127.0.0.1,2021-02-10 04:58:06
297,William Rodriguez,william.rodriguez@inbox.com,127.0.0.11,2020-01-25 07:55:37
298,Susan Brown,susan.brown@example.com,127.0.0.232,2023-11-24 17:07:54
299,Thomas Garcia,thomas.garcia@mail.com,127.0.0.53,2024-10-03 18:37:50
300,Mary Taylor,mary.taylor@example.com,127.0.0.212,2023-07-02 09:06:43
301,Barbara Jackson,barbara.jackson@example.com,127.0.0.237,2022-02-26 14:23:20
302,David Moore,david.moore@example.com,127.0.0.155,2024-01-13 22:08:43
303,Jessica White,jessica.white@inbox.com,127.0.0.119,2022-11-22 00:09:05
304,David Anderson,david.anderson@example.com,127.0.0.83,2020-05-12 03:09:59
305,James Miller,james.miller@inbox.com,127.0.0.164,2020-08-28 02:51:25
306,Thomas Martin,thomas.martin@inbox.com,127.0.0.45,2023-06-24 03:21:18
307,Mary Davis,mary.davis@mail.com,127.0.0.233,2020-10-07 02:54:35
308,Mary Thomas,mary.thomas@mail.com,127.0.0.2,2021-05-16 06:46:32
309,Karen Jones,karen.jones@inbox.com,127.0.0.31,2021-02-05 01:32:59
310,Jessica Thompson,jessica.thompson@mail.com,127.0.0.81,2023-10-04 00:47:35
311,Joseph Thomas,joseph.thomas@example.com,127.0.0.85,2024-05-06 00:37:18
312,Robert Jones,robert.jones@mail.com,127.0.0.233,2023-03-24 13:19:16
313,John Martin,john.martin@inbox.com,127.0.0.10,2020-05-12 19:35:00
314,Charles Smith,charles.smith@email.com,127.0.0.133,2023-09-22 23:47:13
315,James Taylor,james.taylor@mail.com,127.0.0.33,2023-07-26 19:12:44
316,Elizabeth Thomas,elizabeth.thomas@example.com,127.0.0.145,2021-05-19 03:52:43
317,Robert Hernandez,robert.hernandez@email.com,127.0.0.65,2020-02-16 07:26:49
318,Barbara Jackson,barbara.jackson@mail.com,127.0.0.113,2023-02-17 14:49:07
319,Linda Miller,linda.miller@inbox.com,127.0.0.214,2022-02-08 16:54:51
320,James Moore,james.moore@example.com,127.0.0.159,2021-08-10 07:45:56
321,William Thompson,william.thompson@mail.com,127.0.0.172,2021-05-06 08:32:08
322,Barbara Rodriguez,barbara.rodriguez@mail.com,127.0.0.73,2022-06-02 20:08:34
323,Mary Martinez,mary.martinez@email.com,127.0.0.194,2024-11-28 14:59:45
324,Mary Smith,mary.smith@mail.com,127.0.0.166,2021-01-04 13:35:57
325,Barbara Miller,barbara.miller@mail.com,127.0.0.239,2022-02-11 04:59:58
326,Richard Rodriguez,richard.rodriguez@example.com,127.0.0.19,2021-03-25 20:56:26
327,Sarah Johnson,sarah.johnson@email.com,127.0.0.202,2020-03-28 16:10:39
328,John Moore,john.moore@email.com,127.0.0.151,2022-09-08 15:05:41
329,Joseph Martinez,joseph.martinez@inbox.com,127.0.0.64,2020-09-19 16:48:14
330,Michael Thompson,michael.thompson@email.com,127.0.0.74,2024-05-20 12:52:58
331,Thomas Hernandez,thomas.hernandez@mail.com,127.0.0.109,2022-09-06 02:51:46
332,Mary Jackson,mary.jackson@mail.com,127.0.0.225,2020-04-11 11:26:04
333,William Wilson,william.wilson@email.com,127.0.0.137,2023-09-16 17:58:45
334,Susan Martinez,susan.martinez@email.com,127.0.0.253,2022-06-22 01:01:15
335,Mary Garcia,mary.garcia@mail.com,127.0.0.48,2024-04-09 17:42:27
336,James Hernandez,james.hernandez@example.com,127.0.0.3,2022-11-10 14:31:19
337,Richard White,richard.white@email.com,127.0.0.147,2021-01-27 08:30:31
338,Robert Garcia,robert.garcia@mail.com,127.0.0.190,2020-08-12 10:50:31
339,Patricia Jackson,patricia.jackson@example.com,127.0.0.228,2020-07-07 10:44:33
340,Joseph Williams,joseph.williams@email.com,127.0.0.159,2022-02-25 20:23:13
341,Patricia Davis,patricia.davis@email.com,127.0.0.249,2020-04-07 19:47:01
342,Elizabeth Jones,elizabeth.jones@email.com,127.0.0.153,2021-11-24 13:17:13
343,Elizabeth Johnson,elizabeth.johnson@example.com,127.0.0.9,2024-09-28 23:06:43
344,Patricia Jackson,patricia.jackson@email.com,127.0.0.190,2022-03-22 15:44:28
345,Richard White,richard.white@mail.com,127.0.0.36,2024-10-04 18:37:26
346,William Martinez,william.martinez@inbox.com,127.0.0.40,2023-10-16 18:09:50
347,Jessica White,jessica.white@mail.com,127.0.0.232,2024-02-11 17:51:40
348,Patricia Moore,patricia.moore@example.com,127.0.0.125,2022-10-14 01:45:57
349,Barbara Garcia,barbara.garcia@mail.com,127.0.0.226,2021-03-02 09:26:50
350,Jennifer Jones,jennifer.jones@email.com,127.0.0.11,2024-03-13 09:08:47
351,Barbara Thompson,barbara.thompson@mail.com,127.0.0.134,2024-04-18 23:27:10
352,Robert Taylor,robert.taylor@inbox.com,127.0.0.254,2024-11-28 15:36:05
353,Linda White,linda.white@inbox.com,127.0.0.24,2021-06-03 17:27:55
354,Patricia Moore,patricia.moore@inbox.com,127.0.0.169,2023-09-15 14:56:13
355,Barbara Hernandez,barbara.hernandez@inbox.com,127.0.0.27,2024-06-04 07:31:07
356,Sarah Thompson,sarah.thompson@inbox.com,127.0.0.141,2020-10-03 16:46:45
357,Richard Moore,richard.moore@example.com,127.0.0.11,2023-02-22 16:15:53
358,Elizabeth Martin,elizabeth.martin@mail.com,127.0.0.59,2023-03-10 21:53:34
359,Jennifer Smith,jennifer.smith@email.com,127.0.0.176,2023-11-16 09:42:25
360,Linda Rodriguez,linda.rodriguez@inbox.com,127.0.0.121,2024-12-15 11:08:19
361,Susan Davis,susan.davis@email.com,127.0.0.254,2022-07-16 17:21:43
362,James Miller,james.miller@inbox.com,127.0.0.62,2024-08-09 08:03:49
363,David Thompson,david.thompson@mail.com,127.0.0.44,2020-12-28 08:47:54
364,Thomas White,thomas.white@example.com,127.0.0.117,2023-08-14 18:10:51
365,Thomas Smith,thomas.smith@mail.com,127.0.0.104,2022-12-22 12:33:52
366,Michael Wilson,michael.wilson@example.com,127.0.0.28,2024-06-02 03:36:45
367,Mary Thomas,mary.thomas@email.com,127.0.0.233,2024-12-23 04:41:55
368,Mary Brown,mary.brown@inbox.com,127.0.0.111,2022-02-06 04:02:39
369,Barbara Jackson,barbara.jackson@example.com,127.0.0.184,2021-11-16 22:30:04
370,Sarah Garcia,sarah.garcia@mail.com,127.0.0.117,2021-09-04 10:54:43
371,Charles Taylor,charles.taylor@inbox.com,127.0.0.129,2022-02-15 18:54:31
372,John Jackson,john.jackson@email.com,127.0.0.64,2021-07-18 13:50:04
373,William Davis,william.davis@mail.com,127.0.0.245,2020-09-07 14:24:21
374,Barbara Anderson,barbara.anderson@inbox.com,127.0.0.37,2022-02-01 02:41:57
375,John Martinez,john.martinez@mail.com,127.0.0.85,2024-09-01 05:13:59
376,Thomas Davis,thomas.davis@email.com,127.0.0.217,2022-12-16 04:44:29
377,David Garcia,david.garcia@email.com,127.0.0.24,2022-02-22 05:02:26
378,David Thompson,david.thompson@inbox.com,127.0.0.212,2024-04-24 09:15:16
379,Sarah Martin,sarah.martin@inbox.com,127.0.0.38,2022-10-03 20:45:00
380,David Thomas,david.thomas@mail.com,127.0.0.35,2021-08-15 10:06:01
381,Jennifer Smith,jennifer.smith@email.com,127.0.0.221,2023-07-23 01:25:49
382,James Williams,james.williams@mail.com,127.0.0.136,2022-08-12 00:24:15
383,Barbara Jackson,barbara.jackson@email.com,127.0.0.192,2024-11-22 13:35:26
384,Michael White,michael.white@inbox.com,127.0.0.214,2020-05-16 11:50:44
385,Richard Smith,richard.smith@example.com,127.0.0.179,2022-10-10 03:22:33
386,Jessica Anderson,jessica.anderson@inbox.com,127.0.0.67,2024-04-16 12:54:15
387,Jessica Brown,jessica.brown@email.com,127.0.0.225,2022-10-08 20:44:51
388,Sarah Anderson,sarah.anderson@example.com,127.0.0.136,2024-07-26 01:31:29
389,David Jackson,david.jackson@mail.com,127.0.0.68,2021-12-05 08:24:51
390,Barbara Hernandez,barbara.hernandez@email.com,127.0.0.109,2024-06-12 13:23:46
391,John Rodriguez,john.rodriguez@email.com,127.0.0.190,2021-06-15 17:05:14
392,Thomas Martinez,thomas.martinez@email.com,127.0.0.101,2020-05-28 15:01:57
393,William Davis,william.davis@example.com,127.0.0.45,2020-05-28 22:42:03
394,William Rodriguez,william.rodriguez@email.com,127.0.0.123,2021-02-05 00:27:05
395,Barbara Davis,barbara.davis@mail.com,127.0.0.52,2024-05-25 04:11:53
396,Robert Miller,robert.miller@example.com,127.0.0.60,2023-03-03 18:00:24
397,Charles Smith,charles.smith@mail.com,127.0.0.115,2022-06-25 05:07:20
398,Susan Jones,susan.jones@inbox.com,127.0.0.112,2024-09-27 21:18:40
399,Karen Jackson,karen.jackson@inbox.com,127.0.0.201,2021-03-27 13:36:20
400,Sarah Wilson,sarah.wilson@example.com,127.0.0.150,2020-10-01 12:03:35
401,Jennifer Thomas,jennifer.thomas@mail.com,127.0.0.23,2023-02-24 05:23:19
402,James Brown,james.brown@email.com,127.0.0.161,2023-02-03 03:57:31
403,John Jackson,john.jackson@email.com,127.0.0.124,2023-10-26 11:18:15
404,Jennifer Jackson,jennifer.jackson@mail.com,127.0.0.23,2024-11-24 23:15:10
405,John Hernandez,john.hernandez@email.com,127.0.0.244,2022-02-28 03:33:02
406,Linda Miller,linda.miller@example.com,127.0.0.48,2023-06-21 16:33:28
407,Richard Garcia,richard.garcia@example.com,127.0.0.0,2020-11-05 17:23:51
408,William Thomas,william.thomas@email.com,127.0.0.181,2020-11-04 07:02:29
409,Mary Martinez,mary.martinez@mail.com,127.0.0.235,2024-03-06 19:41:59
410,Joseph Hernandez,joseph.hernandez@example.com,127.0.0.11,2023-01-13 16:44:59
411,Robert Williams,robert.williams@mail.com,127.0.0.54,2023-10-26 18:48:46
412,Mary Williams,mary.williams@inbox.com,127.0.0.9,2024-07-17 18:07:12
413,Patricia Taylor,patricia.taylor@email.com,127.0.0.104,2020-09-27 07:42:40
414,Mary Thompson,mary.thompson@inbox.com,127.0.0.133,2023-12-10 05:20:58
415,Patricia Moore,patricia.moore@mail.com,127.0.0.46,2020-01-24 05:33:31
416,James Thompson,james.thompson@inbox.com,127.0.0.238,2022-11-21 06:18:28
417,Elizabeth Johnson,elizabeth.johnson@inbox.com,127.0.0.157,2021-11-21 22:26:18
418,Barbara Martinez,barbara.martinez@mail.com,127.0.0.229,2020-09-02 14:40:10
419,Michael Moore,michael.moore@example.com,127.0.0.7,2020-09-12 01:44:12
420,Jessica Rodriguez,jessica.rodriguez@example.com,127.0.0.248,2024-01-27 12:59:18
421,Jennifer Moore,jennifer.moore@example.com,127.0.0.199,2022-08-08 23:01:02
422,Barbara Wilson,barbara.wilson@email.com,127.0.0.200,2024-03-02 23:58:44
423,James Davis,james.davis@example.com,127.0.0.244,2024-06-20 23:49:52
424,William Anderson,william.anderson@inbox.com,127.0.0.60,2020-11-11 05:09:53
425,Susan Brown,susan.brown@example.com,127.0.0.252,2021-11-18 09:28:06
426,John Smith,john.smith@example.com,127.0.0.198,2020-01-21 19:34:59
427,Joseph Miller,joseph.miller@mail.com,127.0.0.248,2022-08-18 15:30:54
428,Michael Williams,michael.williams@email.com,127.0.0.155,2022-12-12 00:52:42
429,David Williams,david.williams@mail.com,127.0.0.180,2024-03-21 04:21:36
430,Susan Martinez,susan.martinez@email.com,127.0.0.229,2022-05-23 23:26:40
431,Mary Thomas,mary.thomas@email.com,127.0.0.196,2022-08-17 13:26:00
432,Michael White,michael.white@mail.com,127.0.0.229,2023-06-26 06:13:21
433,Sarah Martin,sarah.martin@example.com,127.0.0.107,2021-12-16 01:13:24
434,Thomas Brown,thomas.brown@mail.com,127.0.0.132,2021-07-25 22:02:35
435,Jennifer Moore,jennifer.moore@example.com,127.0.0.159,2023-05-19 01:50:42
436,Mary Rodriguez,mary.rodriguez@inbox.com,127.0.0.214,2020-04-26 07:02:05
437,Mary Miller,mary.miller@mail.com,127.0.0.253,2023-07-07 08:39:13
438,Jessica Thomas,jessica.thomas@example.com,127.0.0.245,2024-06-06 13:54:10
439,Barbara Wilson,barbara.wilson@mail.com,127.0.0.35,2024-07-28 23:53:15
440,Jennifer Brown,jennifer.brown@mail.com,127.0.0.117,2021-05-10 15:42:50
441,Sarah Rodriguez,sarah.rodriguez@mail.com,127.0.0.236,2020-04-04 23:16:16
442,David Williams,david.williams@mail.com,127.0.0.108,2023-11-08 06:26:43
443,Karen Davis,karen.davis@inbox.com,127.0.0.179,2024-05-06 03:08:19
444,Mary Smith,mary.smith@email.com,127.0.0.33,2021-04-18 05:50:33
445,Michael Brown,michael.brown@example.com,127.0.0.70,2022-03-28 17:00:12
446,Robert Jackson,robert.jackson@email.com,127.0.0.84,2020-01-02 05:34:27
447,William Martin,william.martin@mail.com,127.0.0.166,2022-06-20 09:27:57
448,Patricia Smith,patricia.smith@mail.com,127.0.0.16,2021-10-21 10:27:42
449,Michael Wilson,michael.wilson@example.com,127.0.0.154,2020-09-06 00:43:35
450,Karen Moore,karen.moore@mail.com,127.0.0.46,2021-07-04 13:29:34
451,David Moore,david.moore@email.com,127.0.0.20,2020-01-27 16:43:22
452,Charles Moore,charles.moore@example.com,127.0.0.35,2022-02-18 17:48:40
453,James Anderson,james.anderson@example.com,127.0.0.254,2020-04-10 06:34:29
454,Karen Hernandez,karen.hernandez@example.com,127.0.0.128,2024-04-15 08:18:50
455,John Miller,john.miller@inbox.com,127.0.0.75,2020-08-01 05:36:36
456,Jennifer Wilson,jennifer.wilson@example.com,127.0.0.210,2023-04-26 02:06:12
457,Susan Anderson,susan.anderson@mail.com,127.0.0.254,2020-04-10 20:03:37
458,Joseph Wilson,joseph.wilson@example.com,127.0.0.41,2023-11-11 21:28:26
459,John Smith,john.smith@email.com,127.0.0.245,2024-10-01 11:29:03
460,William Johnson,william.johnson@mail.com,127.0.0.108,2022-02-15 16:17:07
461,Elizabeth Martin,elizabeth.martin@email.com,127.0.0.13,2023-12-19 08:31:48
462,Richard Martin,richard.martin@email.com,127.0.0.128,2021-05-08 02:26:30
463,Elizabeth Davis,elizabeth.davis@email.com,127.0.0.6,2024-11-07 10:11:23
464,John Johnson,john.johnson@inbox.com,127.0.0.18,2022-01-22 07:07:17
465,David Rodriguez,david.rodriguez@email.com,127.0.0.131,2023-06-19 00:56:56
466,William Anderson,william.anderson@inbox.com,127.0.0.88,2022-09-18 13:12:36
467,William Thompson,william.thompson@mail.com,127.0.0.86,2022-12-27 09:42:43
468,Susan Johnson,susan.johnson@inbox.com,127.0.0.96,2024-12-06 03:51:13
469,Karen Taylor,karen.taylor@email.com,127.0.0.19,2022-08-23 00:32:04
470,James Thomas,james.thomas@mail.com,127.0.0.208,2023-09-09 23:30:35
471,Elizabeth Martin,elizabeth.martin@mail.com,127.0.0.60,2020-02-10 18:25:09
472,James White,james.white@email.com,127.0.0.89,2024-08-25 08:00:33
473,Joseph Moore,joseph.moore@inbox.com,127.0.0.198,2021-07-26 20:50:45
474,James Hernandez,james.hernandez@mail.com,127.0.0.65,2020-05-03 21:24:00
475,William Garcia,william.garcia@example.com,127.0.0.131,2023-08-12 11:50:59
476,Sarah Anderson,sarah.anderson@mail.com,127.0.0.96,2020-04-26 09:58:45
477,Elizabeth Johnson,elizabeth.johnson@mail.com,127.0.0.71,2023-05-06 13:12:14
478,Mary Wilson,mary.wilson@email.com,127.0.0.155,2022-08-19 07:08:20
479,Thomas Hernandez,thomas.hernandez@email.com,127.0.0.205,2021-07-28 01:38:31
480,Elizabeth Hernandez,elizabeth.hernandez@mail.com,127.0.0.207,2021-03-07 10:47:09
481,Jessica Jones,jessica.jones@example.com,127.0.0.245,2020-09-16 17:19:09
482,Robert Jones,robert.jones@inbox.com,127.0.0.245,2020-03-15 05:11:17
483,Linda Thompson,linda.thompson@mail.com,127.0.0.0,2024-09-27 18:41:47
484,Richard Hernandez,richard.hernandez@example.com,127.0.0.180,2023-04-13 07:04:31
485,James Anderson,james.anderson@inbox.com,127.0.0.133,2023-09-07 06:10:32
486,Barbara Thompson,barbara.thompson@inbox.com,127.0.0.109,2024-10-28 14:15:08
487,Sarah Johnson,sarah.johnson@example.com,127.0.0.56,2022-05-25 05:50:05
488,Thomas Rodriguez,thomas.rodriguez@example.com,127.0.0.14,2021-01-20 21:29:34
489,Elizabeth Williams,elizabeth.williams@mail.com,127.0.0.125,2021-01-23 12:47:30
490,Barbara Smith,barbara.smith@inbox.com,127.0.0.93,2023-04-16 11:06:47
491,Mary Hernandez,mary.hernandez@inbox.com,127.0.0.206,2021-04-23 21:51:08
492,Robert Thompson,robert.thompson@example.com,127.0.0.28,2024-01-27 12:38:13
493,Richard Moore,richard.moore@inbox.com,127.0.0.96,2021-06-10 16:33:27
494,Susan Jones,susan.jones@mail.com,127.0.0.247,2021-07-14 17:20:17
495,William Garcia,william.garcia@mail.com,127.0.0.51,2020-01-20 03:39:11
496,Sarah Martinez,sarah.martinez@inbox.com,127.0.0.107,2021-09-21 23:16:13
497,Richard Martinez,richard.martinez@mail.com,127.0.0.241,2022-06-11 01:59:56
498,James Jones,james.jones@email.com,127.0.0.20,2021-11-18 18:50:16
499,James Garcia,james.garcia@example.com,127.0.0.84,2020-11-06 18:11:50
500,Robert Martinez,robert.martinez@example.com,127.0.0.251,2023-03-22 08:19:41
501,David Jackson,david.jackson@email.com,127.0.0.183,2021-12-14 09:22:31
502,James Miller,james.miller@example.com,127.0.0.34,2020-08-01 14:20:34
503,James Thomas,james.thomas@mail.com,127.0.0.83,2024-08-13 19:43:07
504,Linda Williams,linda.williams@email.com,127.0.0.55,2021-01-03 17:47:56
505,William Martinez,william.martinez@mail.com,127.0.0.204,2022-01-21 16:22:30
506,Jessica Rodriguez,jessica.rodriguez@example.com,127.0.0.161,2022-04-03 10:03:38
507,Michael Anderson,michael.anderson@mail.com,127.0.0.84,2020-05-08 18:06:25
508,Joseph White,joseph.white@email.com,127.0.0.104,2020-01-18 18:06:15
509,Barbara Moore,barbara.moore@example.com,127.0.0.232,2022-02-07 16:24:05
510,Patricia Smith,patricia.smith@mail.com,127.0.0.11,2023-11-06 19:22:27
511,Jessica Johnson,jessica.johnson@example.com,127.0.0.29,2023-06-22 01:26:39
512,Sarah Smith,sarah.smith@mail.com,127.0.0.156,2021-07-18 04:44:53
513,Joseph White,joseph.white@example.com,127.0.0.57,2023-02-06 10:40:32
514,Linda Anderson,linda.anderson@mail.com,127.0.0.36,2021-05-21 08:16:37
515,Mary Jackson,mary.jackson@mail.com,127.0.0.247,2024-05-14 02:18:25
516,John Johnson,john.johnson@example.com,127.0.0.216,2023-01-20 04:05:10
517,Michael Anderson,michael.anderson@mail.com,127.0.0.223,2021-03-05 12:24:26
518,David Martinez,david.martinez@inbox.com,127.0.0.165,2023-10-05 15:16:25
519,Jessica Garcia,jessica.garcia@mail.com,127.0.0.48,2022-12-13 00:41:29
520,Richard Williams,richard.williams@inbox.com,127.0.0.118,2023-03-23 21:56:08
521,John Brown,john.brown@inbox.com,127.0.0.141,2021-08-10 17:20:37
522,John Smith,john.smith@example.com,127.0.0.237,2024-07-01 00:00:42
523,John Moore,john.moore@mail.com,127.0.0.54,2024-11-17 06:07:18
524,Michael Martinez,michael.martinez@example.com,127.0.0.116,2022-07-01 10:05:15
525,Patricia Garcia,patricia.garcia@inbox.com,127.0.0.172,2020-09-13 14:39:46
526,John Rodriguez,john.rodriguez@inbox.com,127.0.0.127,2022-12-04 17:08:42
527,Elizabeth Moore,elizabeth.moore@inbox.com,127.0.0.172,2024-03-26 00:03:18
528,Charles Johnson,charles.johnson@inbox.com,127.0.0.188,2023-05-06 20:24:17
529,Karen Rodriguez,karen.rodriguez@inbox.com,127.0.0.6,2020-02-02 13:42:54
530,Patricia White,patricia.white@example.com,127.0.0.188,2020-10-26 04:30:56
531,Mary Williams,mary.williams@inbox.com,127.0.0.255,2020-08-19 15:34:37
532,Jennifer Hernandez,jennifer.hernandez@inbox.com,127.0.0.8,2021-12-14 09:33:35
533,Karen Wilson,karen.wilson@email.com,127.0.0.214,2022-12-08 13:33:03
534,Joseph Anderson,joseph.anderson@mail.com,127.0.0.66,2024-04-27 01:20:19
535,Linda Rodriguez,linda.rodriguez@inbox.com,127.0.0.100,2021-08-22 17:43:58
536,Jennifer Martin,jennifer.martin@email.com,127.0.0.128,2021-08-18 10:31:22
537,Michael Anderson,michael.anderson@example.com,127.0.0.223,2024-02-07 02:52:59
538,Elizabeth Hernandez,elizabeth.hernandez@inbox.com,127.0.0.245,2023-08-18 20:43:26
539,Robert Garcia,robert.garcia@example.com,127.0.0.177,2023-04-22 10:37:54
540,John Taylor,john.taylor@email.com,127.0.0.232,2024-04-06 02:33:11
541,John Davis,john.davis@email.com,127.0.0.68,2020-09-13 01:37:49
542,Karen Thompson,karen.thompson@inbox.com,127.0.0.111,2020-04-16 05:19:37
543,Sarah Martin,sarah.martin@mail.com,127.0.0.129,2021-06-28 06:53:28
544,Elizabeth Davis,elizabeth.davis@example.com,127.0.0.206,2024-08-19 09:59:29
545,William Anderson,william.anderson@mail.com,127.0.0.241,2021-10-24 09:33:58
546,Thomas Martinez,thomas.martinez@email.com,127.0.0.91,2022-03-07 04:08:21
547,Jessica Wilson,jessica.wilson@example.com,127.0.0.227,2022-08-09 17:21:17
548,Sarah Martin,sarah.martin@inbox.com,127.0.0.4,2022-03-28 23:59:48
549,David Anderson,david.anderson@inbox.com,127.0.0.219,2023-06-19 04:13:51
550,Richard Johnson,richard.johnson@inbox.com,127.0.0.15,2021-06-21 17:42:02
551,Karen Martinez,karen.martinez@mail.com,127.0.0.107,2023-11-27 20:13:14
552,Joseph Hernandez,joseph.hernandez@mail.com,127.0.0.204,2023-05-15 22:05:00
553,Joseph Brown,joseph.brown@example.com,127.0.0.150,2022-01-20 11:56:13
554,Linda Brown,linda.brown@mail.com,127.0.0.142,2020-06-23 17:57:56
555,Patricia Martin,patricia.martin@example.com,127.0.0.13,2020-12-17 17:36:53
556,Robert Smith,robert.smith@mail.com,127.0.0.79,2023-11-06 08:09:25
557,Linda Anderson,linda.anderson@example.com,127.0.0.108,2023-04-11 04:25:17
558,Richard Hernandez,richard.hernandez@mail.com,127.0.0.30,2021-08-17 12:58:01
559,Elizabeth Smith,elizabeth.smith@inbox.com,127.0.0.92,2022-08-18 10:06:34
560,Sarah Martin,sarah.martin@example.com,127.0.0.245,2023-05-10 17:51:08
561,Patricia Jackson,patricia.jackson@example.com,127.0.0.110,2023-10-08 12:42:47
562,Michael Johnson,michael.johnson@mail.com,127.0.0.161,2020-12-15 12:48:02
563,Barbara Johnson,barbara.johnson@inbox.com,127.0.0.133,2024-08-27 06:06:05
564,Susan Moore,susan.moore@mail.com,127.0.0.154,2023-02-16 07:17:04
565,John Garcia,john.garcia@email.com,127.0.0.189,2022-12-26 08:08:10
566,David Thomas,david.thomas@inbox.com,127.0.0.56,2022-11-21 15:42:49
567,Jennifer Garcia,jennifer.garcia@email.com,127.0.0.161,2023-12-26 21:22:42
568,John Taylor,john.taylor@inbox.com,127.0.0.249,2023-01-20 09:54:23
569,Michael Rodriguez,michael.rodriguez@inbox.com,127.0.0.46,2021-12-15 04:03:42
570,David Smith,david.smith@inbox.com,127.0.0.9,2024-10-19 11:09:39
571,Elizabeth Wilson,elizabeth.wilson@mail.com,127.0.0.199,2020-03-20 21:51:50
572,James Anderson,james.anderson@mail.com,127.0.0.248,2020-12-27 09:09:26
573,James Moore,james.moore@mail.com,127.0.0.54,2022-08-17 03:02:28
574,Karen Rodriguez,karen.rodriguez@example.com,127.0.0.106,2021-06-19 08:59:36
575,Michael White,michael.white@example.com,127.0.0.229,2023-05-03 06:16:09
576,Mary Brown,mary.brown@example.com,127.0.0.223,2024-07-08 04:57:26
577,James White,james.white@mail.com,127.0.0.131,2024-10-21 22:50:45
578,Barbara Jones,barbara.jones@mail.com,127.0.0.232,2020-02-02 08:14:17
579,Elizabeth Miller,elizabeth.miller@example.com,127.0.0.2,2021-02-02 02:55:32
580,Jennifer Davis,jennifer.davis@email.com,127.0.0.136,2024-02-18 12:02:57
581,John White,john.white@inbox.com,127.0.0.198,2021-04-03 20:06:09
582,Patricia Martinez,patricia.martinez@mail.com,127.0.0.178,2022-09-13 08:05:21
583,David Jones,david.jones@email.com,127.0.0.75,2023-02-13 01:53:47
584,Joseph Thompson,joseph.thompson@email.com,127.0.0.0,2020-02-22 17:47:52
585,David Williams,david.williams@example.com,127.0.0.72,2022-07-10 05:42:08
586,Jennifer Jones,jennifer.jones@mail.com,127.0.0.223,2024-02-14 21:13:58
587,John Rodriguez,john.rodriguez@inbox.com,127.0.0.137,2021-12-05 18:52:36
588,James Moore,james.moore@example.com,127.0.0.192,2023-01-04 02:33:09
589,David Martinez,david.martinez@inbox.com,127.0.0.237,2020-09-19 06:21:17
590,Patricia Hernandez,patricia.hernandez@example.com,127.0.0.150,2024-09-13 16:35:25
591,Jennifer Martin,jennifer.martin@mail.com,127.0.0.119,2022-10-26 21:35:15
592,Robert Rodriguez,robert.rodriguez@email.com,127.0.0.181,2020-06-12 08:43:28
593,Robert Thomas,robert.thomas@example.com,127.0.0.79,2022-10-24 20:07:39
594,John Thompson,john.thompson@email.com,127.0.0.38,2021-10-04 14:02:30
595,Jessica Brown,jessica.brown@mail.com,127.0.0.190,2022-06-04 06:59:56
596,Michael Rodriguez,michael.rodriguez@inbox.com,127.0.0.250,2024-07-08 03:02:24
597,Jessica Moore,jessica.moore@inbox.com,127.0.0.21,2020-11-17 05:46:36
598,Robert Miller,robert.miller@example.com,127.0.0.5,2023-02-26 03:11:09
599,Karen Johnson,karen.johnson@inbox.com,127.0.0.194,2021-06-06 11:53:21
600,Michael Brown,michael.brown@mail.com,127.0.0.144,2020-11-22 16:18:49
601,Jennifer Rodriguez,jennifer.rodriguez@example.com,127.0.0.43,2024-01-26 16:01:55
602,David Hernandez,david.hernandez@example.com,127.0.0.214,2020-05-13 05:37:05
603,James Jackson,james.jackson@inbox.com,127.0.0.237,2024-04-18 00:51:23
604,Richard Martin,richard.martin@inbox.com,127.0.0.60,2023-11-12 14:37:57
605,Patricia Smith,patricia.smith@email.com,127.0.0.146,2023-12-15 04:48:05
606,William Martinez,william.martinez@example.com,127.0.0.213,2023-11-19 19:07:00
607,William Wilson,william.wilson@mail.com,127.0.0.211,2021-02-01 03:25:52
608,Elizabeth Rodriguez,elizabeth.rodriguez@mail.com,127.0.0.58,2021-04-23 21:09:24
609,Karen Moore,karen.moore@mail.com,127.0.0.236,2024-04-26 15:55:37
610,Mary Brown,mary.brown@mail.com,127.0.0.248,2024-03-05 22:12:00
611,John Thompson,john.thompson@mail.com,127.0.0.206,2022-02-06 23:11:36
612,Jessica Hernandez,jessica.hernandez@mail.com,127.0.0.44,2021-05-07 12:52:08
613,Mary Brown,mary.brown@inbox.com,127.0.0.103,2021-11-01 05:33:44
614,Barbara Martin,barbara.martin@example.com,127.0.0.31,2021-03-05 03:01:48
615,Elizabeth Jones,elizabeth.jones@email.com,127.0.0.144,2020-04-19 23:47:54
616,Sarah Brown,sarah.brown@email.com,127.0.0.134,2020-05-08 00:47:40
617,Robert Martin,robert.martin@mail.com,127.0.0.125,2022-04-11 22:30:50
618,John Wilson,john.wilson@inbox.com,127.0.0.58,2020-05-19 17:46:05
619,Susan Hernandez,susan.hernandez@inbox.com,127.0.0.249,2020-11-10 22:22:18
620,Thomas Brown,thomas.brown@mail.com,127.0.0.147,2022-05-20 17:55:32
621,Linda Thompson,linda.thompson@example.com,127.0.0.42,2024-05-25 14:46:22
622,David White,david.white@example.com,127.0.0.54,2024-05-12 03:46:10
623,Karen Thompson,karen.thompson@mail.com,127.0.0.173,2020-12-05 07:03:32
624,Susan Wilson,susan.wilson@mail.com,127.0.0.165,2024-05-20 05:48:33
625,Sarah Thomas,sarah.thomas@email.com,127.0.0.202,2020-08-08 03:02:16
626,Karen White,karen.white@email.com,127.0.0.101,2024-01-17 07:27:29
627,John Brown,john.brown@mail.com,127.0.0.52,2024-11-07 13:41:58
628,Susan Martin,susan.martin@example.com,127.0.0.94,2020-06-12 16:11:07
629,Barbara Garcia,barbara.garcia@email.com,127.0.0.25,2021-05-19 10:40:40
630,Jennifer Jackson,jennifer.jackson@inbox.com,127.0.0.6,2023-04-06 09:11:51
631,Richard Rodriguez,richard.rodriguez@example.com,127.0.0.3,2020-11-07 05:06:07
632,Robert Moore,robert.moore@email.com,127.0.0.184,2020-05-07 12:10:21
633,Thomas Rodriguez,thomas.rodriguez@example.com,127.0.0.233,2021-02-18 02:31:35
634,Sarah Jones,sarah.jones@example.com,127.0.0.16,2024-08-05 06:40:08
635,Joseph Moore,joseph.moore@email.com,127.0.0.225,2024-04-04 12:53:59
636,Karen Williams,karen.williams@example.com,127.0.0.39,2023-08-07 18:39:40
637,Robert Williams,robert.williams@mail.com,127.0.0.208,2021-03-27 04:06:58
638,Joseph Hernandez,joseph.hernandez@inbox.com,127.0.0.51,2021-02-15 00:11:38
639,Charles Hernandez,charles.hernandez@mail.com,127.0.0.44,2021-04-22 13:34:50
640,Karen Smith,karen.smith@inbox.com,127.0.0.167,2020-05-27 11:27:07
641,Robert Miller,robert.miller@email.com,127.0.0.66,2020-04-04 13:15:32
642,Michael White,michael.white@email.com,127.0.0.166,2022-08-18 12:05:11
643,Susan Garcia,susan.garcia@mail.com,127.0.0.215,2024-03-20 01:06:02
644,Mary Johnson,mary.johnson@inbox.com,127.0.0.26,2022-06-17 19:45:47
645,John Wilson,john.wilson@inbox.com,127.0.0.147,2020-06-16 06:41:25
646,Jessica Johnson,jessica.johnson@email.com,127.0.0.174,2023-05-12 11:50:42
647,John Rodriguez,john.rodriguez@email.com,127.0.0.96,2024-10-17 11:12:11
648,Richard Martinez,richard.martinez@email.com,127.0.0.244,2020-02-01 06:17:36
649,Richard Miller,richard.miller@example.com,127.0.0.101,2020-07-26 09:15:35
650,William White,william.white@email.com,127.0.0.4,2021-01-19 02:15:42
651,Robert Martinez,robert.martinez@email.com,127.0.0.221,2022-09-26 03:38:23
652,Sarah Martinez,sarah.martinez@mail.com,127.0.0.58,2024-09-22 13:43:46
653,John Williams,john.williams@inbox.com,127.0.0.142,2020-12-04 02:19:31
654,William White,william.white@example.com,127.0.0.208,2023-09-25 03:47:34
655,Jessica Hernandez,jessica.hernandez@inbox.com,127.0.0.38,2023-06-19 11:50:18
656,David Wilson,david.wilson@example.com,127.0.0.22,2023-02-01 13:59:56
657,William Moore,william.moore@mail.com,127.0.0.239,2023-12-20 01:13:15
658,William Davis,william.davis@email.com,127.0.0.129,2021-01-13 07:54:20
659,Karen Thompson,karen.thompson@example.com,127.0.0.53,2023-03-20 11:42:20
660,Richard Anderson,richard.anderson@example.com,127.0.0.45,2024-03-11 15:35:36
661,Jessica Jackson,jessica.jackson@mail.com,127.0.0.244,2023-11-20 05:24:03
662,Michael Brown,michael.brown@inbox.com,127.0.0.31,2024-06-09 12:35:00
663,Patricia Rodriguez,patricia.rodriguez@inbox.com,127.0.0.140,2020-03-27 23:45:01
664,Patricia Taylor,patricia.taylor@inbox.com,127.0.0.253,2024-08-14 07:19:15
665,Robert Rodriguez,robert.rodriguez@inbox.com,127.0.0.154,2022-11-02 10:41:30
666,Mary Jones,mary.jones@inbox.com,127.0.0.36,2023-04-28 12:45:28
667,Linda Garcia,linda.garcia@mail.com,127.0.0.158,2023-10-24 06:28:04
668,Richard Williams,richard.williams@example.com,127.0.0.122,2022-06-17 05:04:31
669,James Garcia,james.garcia@email.com,127.0.0.101,2023-07-14 00:35:57
670,Karen Garcia,karen.garcia@inbox.com,127.0.0.31,2023-05-10 19:02:59
671,Karen Miller,karen.miller@inbox.com,127.0.0.193,2024-12-08 21:13:54
672,Michael Hernandez,michael.hernandez@inbox.com,127.0.0.97,2023-12-04 09:40:49
673,Barbara Davis,barbara.davis@mail.com,127.0.0.185,2022-08-12 05:39:35
674,William Rodriguez,william.rodriguez@email.com,127.0.0.189,2024-11-07 15:57:11
675,James Taylor,james.taylor@inbox.com,127.0.0.16,2022-04-18 17:37:27
676,Robert Moore,robert.moore@example.com,127.0.0.30,2020-01-17 06:17:09
677,Charles Williams,charles.williams@mail.com,127.0.0.184,2024-02-27 17:15:10
678,Charles Rodriguez,charles.rodriguez@email.com,127.0.0.211,2024-04-02 11:24:29
679,Mary Johnson,mary.johnson@email.com,127.0.0.209,2021-04-03 08:36:59
680,David Johnson,david.johnson@example.com,127.0.0.129,2021-01-07 22:58:14
681,Patricia Wilson,patricia.wilson@inbox.com,127.0.0.2,2023-08-02 17:35:35
682,Barbara Williams,barbara.williams@email.com,127.0.0.217,2021-10-28 09:09:45
683,Richard Martinez,richard.martinez@mail.com,127.0.0.226,2020-07-04 10:14:25
684,Jessica Rodriguez,jessica.rodriguez@example.com,127.0.0.36,2024-02-21 16:28:32
685,Richard Taylor,richard.taylor@mail.com,127.0.0.149,2020-02-11 10:08:11
686,James Anderson,james.anderson@mail.com,127.0.0.210,2021-09-05 00:19:09
687,David Anderson,david.anderson@inbox.com,127.0.0.44,2023-03-12 23:51:51
688,William Rodriguez,william.rodriguez@email.com,127.0.0.86,2024-09-23 09:00:00
689,James Martinez,james.martinez@example.com,127.0.0.129,2022-02-15 14:39:05
690,James Brown,james.brown@mail.com,127.0.0.188,2022-10-04 21:56:34
691,Richard Jackson,richard.jackson@email.com,127.0.0.93,2020-04-28 00:18:17
692,Jessica White,jessica.white@inbox.com,127.0.0.183,2020-08-03 11:58:56
693,Patricia Jackson,patricia.jackson@email.com,127.0.0.60,2022-12-10 05:36:02
694,Joseph Davis,joseph.davis@example.com,127.0.0.176,2021-08-08 15:37:16
695,Linda Jackson,linda.jackson@mail.com,127.0.0.192,2023-07-20 06:19:59
696,William Smith,william.smith@mail.com,127.0.0.109,2020-09-16 12:09:24
697,John Rodriguez,john.rodriguez@inbox.com,127.0.0.81,2023-08-17 13:00:04
698,Elizabeth Anderson,elizabeth.anderson@mail.com,127.0.0.16,2022-06-26 08:17:55
699,John Martinez,john.martinez@inbox.com,127.0.0.168,2024-11-21 22:41:55
700,William Smith,william.smith@example.com,127.0.0.173,2022-11-04 21:11:05
701,Elizabeth White,elizabeth.white@email.com,127.0.0.116,2020-10-26 09:59:04
702,Susan Jones,susan.jones@example.com,127.0.0.185,2022-04-12 14:17:19
703,Richard Davis,richard.davis@mail.com,127.0.0.18,2020-01-12 16:52:35
704,Jessica Johnson,jessica.johnson@mail.com,127.0.0.241,2024-02-15 16:22:39
705,Thomas Garcia,thomas.garcia@example.com,127.0.0.158,2020-08-07 03:00:24
706,Sarah Thomas,sarah.thomas@mail.com,127.0.0.195,2023-10-11 00:48:02
707,Elizabeth Moore,elizabeth.moore@email.com,127.0.0.192,2022-06-15 02:49:12
708,Linda Thompson,linda.thompson@inbox.com,127.0.0.56,2023-07-09 07:23:06
709,John Brown,john.brown@example.com,127.0.0.126,2024-12-23 20:39:50
710,Sarah Thomas,sarah.thomas@mail.com,127.0.0.73,2023-07-01 01:18:40
711,Mary Hernandez,mary.hernandez@mail.com,127.0.0.249,2020-09-02 17:18:24
712,Charles Moore,charles.moore@inbox.com,127.0.0.100,2020-01-25 23:03:50
713,Thomas Thompson,thomas.thompson@email.com,127.0.0.91,2024-09-08 09:21:31
714,Jennifer Brown,jennifer.brown@example.com,127.0.0.44,2023-09-27 10:37:33
715,Patricia Garcia,patricia.garcia@example.com,127.0.0.6,2023-02-06 19:51:27
716,Robert Jackson,robert.jackson@example.com,127.0.0.178,2020-03-23 08:03:30
717,Susan Williams,susan.williams@mail.com,127.0.0.5,2024-06-23 00:37:31
718,John Anderson,john.anderson@email.com,127.0.0.57,2021-05-22 06:30:43
719,James Hernandez,james.hernandez@inbox.com,127.0.0.178,2020-01-08 11:47:45
720,Barbara Jackson,barbara.jackson@email.com,127.0.0.240,2022-07-25 15:21:29
721,Jessica Rodriguez,jessica.rodriguez@example.com,127.0.0.203,2023-08-01 02:10:23
722,Sarah Hernandez,sarah.hernandez@mail.com,127.0.0.107,2024-12-12 19:47:16
723,Thomas Johnson,thomas.johnson@mail.com,127.0.0.46,2024-05-20 19:21:01
724,Michael Taylor,michael.taylor@example.com,127.0.0.66,2023-10-18 23:43:19
725,Sarah Moore,sarah.moore@example.com,127.0.0.233,2021-07-19 03:06:38
726,Jennifer Brown,jennifer.brown@mail.com,127.0.0.160,2024-06-02 00:26:30
727,William Smith,william.smith@example.com,127.0.0.243,2020-11-26 01:20:23
728,James Davis,james.davis@mail.com,127.0.0.85,2024-10-04 10:55:58
729,Karen Jackson,karen.jackson@inbox.com,127.0.0.104,2023-04-06 20:21:51
730,Joseph Miller,joseph.miller@mail.com,127.0.0.148,2023-05-01 05:02:16
731,Thomas Miller,thomas.miller@mail.com,127.0.0.178,2021-12-22 04:04:27
732,Barbara Taylor,barbara.taylor@mail.com,127.0.0.97,2021-09-25 01:23:12
733,Jennifer Garcia,jennifer.garcia@mail.com,127.0.0.139,2023-12-21 20:20:06
734,Charles Wilson,charles.wilson@inbox.com,127.0.0.213,2024-05-14 04:51:59
735,Jennifer Hernandez,jennifer.hernandez@email.com,127.0.0.82,2022-08-21 02:13:27
736,Richard Jackson,richard.jackson@inbox.com,127.0.0.234,2022-01-07 21:45:01
737,Thomas Wilson,thomas.wilson@mail.com,127.0.0.251,2021-11-21 22:45:14
738,Jessica Anderson,jessica.anderson@example.com,127.0.0.121,2024-03-25 19:24:30
739,Elizabeth Thompson,elizabeth.thompson@inbox.com,127.0.0.230,2020-05-10 23:52:25
740,Charles Moore,charles.moore@inbox.com,127.0.0.139,2022-06-05 17:38:55
741,Mary Hernandez,mary.hernandez@email.com,127.0.0.212,2023-07-07 07:16:05
742,David Taylor,david.taylor@example.com,127.0.0.104,2024-07-01 16:36:59
743,Jessica Williams,jessica.williams@inbox.com,127.0.0.252,2022-02-09 13:21:05
744,Barbara Garcia,barbara.garcia@inbox.com,127.0.0.56,2020-11-09 22:25:00
745,James Martinez,james.martinez@example.com,127.0.0.61,2021-09-26 12:31:27
746,Susan Jones,susan.jones@example.com,127.0.0.63,2021-10-22 13:20:55
747,Mary Anderson,mary.anderson@inbox.com,127.0.0.90,2022-09-20 14:59:58
748,William Martin,william.martin@mail.com,127.0.0.44,2020-02-08 13:14:13
749,Thomas Moore,thomas.moore@mail.com,127.0.0.102,2020-07-06 22:49:54
750,Linda Jackson,linda.jackson@example.com,127.0.0.29,2023-08-12 09:06:29
751,Jessica Williams,jessica.williams@example.com,127.0.0.172,2020-02-09 05:43:47
752,Karen Rodriguez,karen.rodriguez@mail.com,127.0.0.106,2020-05-10 20:02:40
753,Susan Hernandez,susan.hernandez@mail.com,127.0.0.13,2020-12-28 10:38:24
754,Mary Jackson,mary.jackson@inbox.com,127.0.0.184,2021-09-08 02:22:59
755,Charles Anderson,charles.anderson@mail.com,127.0.0.123,2022-01-25 00:49:10
756,Linda Jones,linda.jones@email.com,127.0.0.251,2024-03-15 14:46:59
757,Sarah White,sarah.white@example.com,127.0.0.242,2023-09-10 20:03:11
758,Jessica Wilson,jessica.wilson@email.com,127.0.0.160,2020-07-19 09:17:49
759,Mary Miller,mary.miller@email.com,127.0.0.28,2020-05-13 08:02:51
760,Richard Thomas,richard.thomas@mail.com,127.0.0.237,2020-10-18 21:16:15
761,John Williams,john.williams@email.com,127.0.0.181,2021-01-16 22:41:27
762,Patricia Thomas,patricia.thomas@mail.com,127.0.0.218,2024-11-18 04:05:12
763,Patricia Martinez,patricia.martinez@example.com,127.0.0.245,2020-05-24 20:57:08
764,Jessica Wilson,jessica.wilson@email.com,127.0.0.102,2022-06-14 20:59:00
765,Linda Anderson,linda.anderson@mail.com,127.0.0.71,2023-05-07 13:23:04
766,Michael Hernandez,michael.hernandez@example.com,127.0.0.195,2021-05-11 00:02:26
767,Joseph Smith,joseph.smith@inbox.com,127.0.0.43,2023-09-12 06:21:19
768,Karen Martinez,karen.martinez@example.com,127.0.0.188,2024-04-26 20:53:04
769,William Jones,william.jones@email.com,127.0.0.51,2021-03-28 02:06:40
770,William Garcia,william.garcia@inbox.com,127.0.0.204,2020-07-12 14:37:00
771,Elizabeth Martinez,elizabeth.martinez@email.com,127.0.0.234,2022-03-07 23:51:19
772,Joseph Brown,joseph.brown@mail.com,127.0.0.223,2023-05-14 02:10:02
773,John Jackson,john.jackson@email.com,127.0.0.67,2024-11-20 22:35:12
774,Richard Moore,richard.moore@mail.com,127.0.0.39,2021-02-09 14:24:31
775,Thomas Anderson,thomas.anderson@mail.com,127.0.0.76,2021-07-08 22:20:06
776,Patricia Wilson,patricia.wilson@inbox.com,127.0.0.20,2021-06-24 21:46:06
777,James Martin,james.martin@mail.com,127.0.0.10,2023-03-11 22:30:26
778,Linda Garcia,linda.garcia@email.com,127.0.0.244,2023-09-27 01:14:04
779,Patricia Brown,patricia.brown@inbox.com,127.0.0.152,2021-10-11 13:22:18
780,Charles Martin,charles.martin@email.com,127.0.0.74,2021-12-18 03:03:54
781,Richard Brown,richard.brown@email.com,127.0.0.180,2024-10-01 15:22:49
782,Elizabeth Martinez,elizabeth.martinez@example.com,127.0.0.112,2022-01-26 16:41:12
783,Sarah Anderson,sarah.anderson@inbox.com,127.0.0.189,2024-11-06 06:12:12
784,Thomas Hernandez,thomas.hernandez@inbox.com,127.0.0.199,2024-09-13 04:53:36
785,Michael Hernandez,michael.hernandez@mail.com,127.0.0.151,2022-10-24 07:16:13
786,David Thomas,david.thomas@mail.com,127.0.0.252,2023-06-04 21:52:29
787,Linda Hernandez,linda.hernandez@mail.com,127.0.0.129,2021-04-25 19:46:03
788,James Smith,james.smith@mail.com,127.0.0.72,2020-06-20 01:29:39
789,David Jackson,david.jackson@inbox.com,127.0.0.172,2024-10-12 07:42:44
790,Karen Williams,karen.williams@example.com,127.0.0.232,2021-11-13 12:00:30
791,Linda Hernandez,linda.hernandez@email.com,127.0.0.247,2023-03-23 12:55:47
792,James Moore,james.moore@email.com,127.0.0.40,2020-06-07 14:43:00
793,Richard Williams,richard.williams@example.com,127.0.0.169,2021-03-26 00:22:07
794,Linda Hernandez,linda.hernandez@inbox.com,127.0.0.141,2020-02-05 09:53:51
795,Thomas Moore,thomas.moore@inbox.com,127.0.0.156,2023-09-09 03:11:31
796,Charles Anderson,charles.anderson@mail.com,127.0.0.43,2022-07-20 22:58:28
797,David Johnson,david.johnson@email.com,127.0.0.185,2023-06-04 03:27:21
798,John Jackson,john.jackson@example.com,127.0.0.78,2022-12-26 10:44:56
799,Jennifer White,jennifer.white@example.com,127.0.0.205,2021-01-21 03:49:48
800,Barbara Davis,barbara.davis@email.com,127.0.0.175,2022-06-19 14:19:14
801,Sarah Moore,sarah.moore@example.com,127.0.0.209,2024-07-16 05:40:35
802,Thomas Davis,thomas.davis@inbox.com,127.0.0.246,2020-05-26 08:26:40
803,Joseph Brown,joseph.brown@mail.com,127.0.0.128,2020-09-19 13:11:40
804,Michael Hernandez,michael.hernandez@inbox.com,127.0.0.160,2022-01-05 23:35:35
805,Joseph Hernandez,joseph.hernandez@mail.com,127.0.0.178,2022-04-23 08:44:11
806,John Martinez,john.martinez@inbox.com,127.0.0.237,2021-11-22 10:08:52
807,Joseph Johnson,joseph.johnson@inbox.com,127.0.0.174,2024-09-02 06:49:41
808,Richard Martin,richard.martin@email.com,127.0.0.32,2021-05-17 21:23:54
809,William Smith,william.smith@email.com,127.0.0.162,2024-07-11 12:47:13
810,Thomas Taylor,thomas.taylor@inbox.com,127.0.0.252,2022-09-19 13:11:54
811,James Smith,james.smith@email.com,127.0.0.31,2023-02-15 08:42:55
812,Susan Jones,susan.jones@mail.com,127.0.0.80,2023-02-24 06:33:30
813,Charles Smith,charles.smith@email.com,127.0.0.8,2023-06-12 20:22:56
814,Jennifer Davis,jennifer.davis@example.com,127.0.0.48,2022-09-10 07:48:38
815,Charles Johnson,charles.johnson@mail.com,127.0.0.169,2024-04-07 06:55:03
816,Michael White,michael.white@example.com,127.0.0.27,2022-11-06 07:11:10
817,Jennifer Thomas,jennifer.thomas@example.com,127.0.0.252,2022-07-17 18:27:57
818,Elizabeth Anderson,elizabeth.anderson@example.com,127.0.0.145,2022-11-08 07:24:54
819,Susan Rodriguez,susan.rodriguez@mail.com,127.0.0.254,2023-10-10 13:24:12
820,Jennifer Moore,jennifer.moore@email.com,127.0.0.226,2020-05-02 17:43:39
821,Elizabeth Garcia,elizabeth.garcia@inbox.com,127.0.0.51,2022-01-22 21:15:12
822,James Martin,james.martin@email.com,127.0.0.169,2023-05-11 09:36:40
823,Karen Miller,karen.miller@email.com,127.0.0.190,2022-03-07 19:09:39
824,William Anderson,william.anderson@inbox.com,127.0.0.81,2024-02-13 23:20:12
825,Jessica Williams,jessica.williams@mail.com,127.0.0.177,2020-01-08 03:17:14
826,Barbara Jones,barbara.jones@email.com,127.0.0.4,2023-03-02 02:19:09
827,William Thomas,william.thomas@mail.com,127.0.0.101,2020-01-26 22:10:23
828,Jennifer Martinez,jennifer.martinez@inbox.com,127.0.0.100,2021-03-27 12:01:55
829,John White,john.white@email.com,127.0.0.129,2022-01-19 00:32:24
830,John Anderson,john.anderson@inbox.com,127.0.0.160,2023-05-28 03:39:46
831,Robert Miller,robert.miller@mail.com,127.0.0.146,2021-03-19 13:41:21
832,Sarah Williams,sarah.williams@email.com,127.0.0.10,2023-01-21 10:42:12
833,Patricia Johnson,patricia.johnson@inbox.com,127.0.0.219,2021-08-14 09:55:45
834,Robert Brown,robert.brown@email.com,127.0.0.241,2024-11-08 12:12:59
835,Sarah Wilson,sarah.wilson@example.com,127.0.0.20,2021-10-13 16:45:28
836,Susan Jones,susan.jones@example.com,127.0.0.81,2022-11-11 06:21:38
837,Patricia Thompson,patricia.thompson@email.com,127.0.0.22,2024-12-26 12:49:59
838,Thomas Davis,thomas.davis@mail.com,127.0.0.48,2024-02-20 23:41:19
839,Barbara Hernandez,barbara.hernandez@email.com,127.0.0.62,2024-12-13 04:16:09
840,Barbara Martin,barbara.martin@inbox.com,127.0.0.131,2022-04-12 15:28:26
841,Sarah Garcia,sarah.garcia@mail.com,127.0.0.25,2022-08-21 22:54:32
842,Joseph Davis,joseph.davis@mail.com,127.0.0.36,2024-06-17 03:07:56
843,Michael Davis,michael.davis@inbox.com,127.0.0.144,2021-03-26 06:55:22
844,Karen Martin,karen.martin@mail.com,127.0.0.158,2021-02-28 21:56:49
845,John Davis,john.davis@inbox.com,127.0.0.168,2021-03-12 00:14:56
846,Mary Rodriguez,mary.rodriguez@mail.com,127.0.0.122,2024-03-26 04:11:13
847,Elizabeth Hernandez,elizabeth.hernandez@example.com,127.0.0.1,2024-04-10 16:21:20
848,William Williams,william.williams@inbox.com,127.0.0.141,2023-08-19 23:45:55
849,Mary Jones,mary.jones@mail.com,127.0.0.119,2021-06-25 15:41:01
850,Barbara Martin,barbara.martin@example.com,127.0.0.54,2021-02-13 17:16:46
851,Richard Brown,richard.brown@example.com,127.0.0.173,2020-11-05 18:19:18
852,Robert Wilson,robert.wilson@email.com,127.0.0.75,2020-04-18 16:18:06
853,James Anderson,james.anderson@email.com,127.0.0.60,2023-03-28 08:09:56
854,Susan Martin,susan.martin@email.com,127.0.0.167,2020-10-16 08:37:26
855,David Smith,david.smith@email.com,127.0.0.212,2023-02-25 01:30:07
856,Sarah Martinez,sarah.martinez@email.com,127.0.0.51,2023-11-07 09:11:13
857,Linda Jackson,linda.jackson@example.com,127.0.0.112,2024-06-25 09:13:43
858,Jessica Martin,jessica.martin@example.com,127.0.0.11,2024-09-15 16:12:51
859,John Rodriguez,john.rodriguez@example.com,127.0.0.88,2020-03-14 22:55:20
860,Jessica Martinez,jessica.martinez@inbox.com,127.0.0.1,2020-10-03 10:37:56
861,Robert Davis,robert.davis@mail.com,127.0.0.81,2021-04-04 15:05:08
862,Michael Taylor,michael.taylor@example.com,127.0.0.60,2022-10-08 16:13:44
863,James Miller,james.miller@inbox.com,127.0.0.169,2024-02-14 19:41:19
864,Karen White,karen.white@email.com,127.0.0.0,2020-03-05 11:52:29
865,Linda Johnson,linda.johnson@email.com,127.0.0.227,2023-01-05 07:00:08
866,Karen Davis,karen.davis@mail.com,127.0.0.49,2020-10-26 21:40:26
867,Mary Brown,mary.brown@email.com,127.0.0.142,2023-08-10 10:07:42
868,Jennifer Smith,jennifer.smith@example.com,127.0.0.98,2021-09-25 12:49:34
869,Richard Hernandez,richard.hernandez@email.com,127.0.0.218,2022-03-22 18:36:22
870,David Brown,david.brown@email.com,127.0.0.138,2021-11-08 02:41:46
871,Susan Martinez,susan.martinez@example.com,127.0.0.8,2021-03-22 13:52:32
872,John White,john.white@example.com,127.0.0.144,2024-05-14 19:00:52
873,Charles Davis,charles.davis@inbox.com,127.0.0.100,2022-11-09 04:33:07
874,Susan Moore,susan.moore@mail.com,127.0.0.156,2020-06-16 09:12:41
875,Charles Brown,charles.brown@email.com,127.0.0.184,2022-11-13 20:18:02
876,Linda Jackson,linda.jackson@inbox.com,127.0.0.218,2021-04-20 03:15:35
877,Elizabeth Thomas,elizabeth.thomas@mail.com,127.0.0.68,2020-12-19 04:30:14
878,Karen White,karen.white@email.com,127.0.0.67,2021-10-28 02:36:59
879,Robert Hernandez,robert.hernandez@mail.com,127.0.0.250,2023-05-03 04:31:10
880,Jennifer Brown,jennifer.brown@mail.com,127.0.0.74,2024-02-25 22:09:52
881,Charles Taylor,charles.taylor@example.com,127.0.0.12,2021-06-11 08:43:09
882,Michael Moore,michael.moore@example.com,127.0.0.236,2024-08-20 07:35:55
883,Thomas Jones,thomas.jones@inbox.com,127.0.0.132,2024-04-20 20:01:20
884,Robert Miller,robert.miller@example.com,127.0.0.78,2023-05-09 02:33:55
885,Susan Martin,susan.martin@example.com,127.0.0.81,2021-09-10 06:11:28
886,Mary Davis,mary.davis@email.com,127.0.0.50,2024-04-25 10:17:20
887,James Moore,james.moore@example.com,127.0.0.122,2024-03-01 01:54:39
888,Joseph Johnson,joseph.johnson@mail.com,127.0.0.82,2022-03-15 16:24:12
889,Thomas Smith,thomas.smith@example.com,127.0.0.245,2022-02-22 11:04:56
890,James Davis,james.davis@inbox.com,127.0.0.227,2023-08-20 01:49:24
891,Linda Taylor,linda.taylor@example.com,127.0.0.1,2022-06-05 00:35:41
892,John Smith,john.smith@example.com,127.0.0.56,2021-05-22 02:19:50
893,Barbara Brown,barbara.brown@email.com,127.0.0.70,2024-11-08 05:38:45
894,Patricia Brown,patricia.brown@mail.com,127.0.0.100,2024-04-26 15:41:57
895,Joseph Davis,joseph.davis@mail.com,127.0.0.83,2023-11-03 15:04:54
896,John Johnson,john.johnson@mail.com,127.0.0.94,2020-11-26 21:02:45
897,Mary Rodriguez,mary.rodriguez@email.com,127.0.0.47,2023-06-22 09:02:50
898,Jennifer Anderson,jennifer.anderson@mail.com,127.0.0.88,2020-04-13 21:50:25
899,David Wilson,david.wilson@mail.com,127.0.0.84,2023-08-26 09:37:01
900,Michael Wilson,michael.wilson@example.com,127.0.0.205,2021-03-02 04:33:45
901,Susan Jones,susan.jones@mail.com,127.0.0.224,2022-08-16 19:24:10
902,Jennifer Moore,jennifer.moore@example.com,127.0.0.211,2021-05-13 14:51:36
903,Richard Moore,richard.moore@inbox.com,127.0.0.249,2021-09-05 05:00:20
904,Jessica Thomas,jessica.thomas@mail.com,127.0.0.217,2022-09-02 09:06:20
905,David Jones,david.jones@example.com,127.0.0.144,2020-09-05 08:46:48
906,Jennifer Jackson,jennifer.jackson@inbox.com,127.0.0.4,2022-04-16 06:37:24
907,Robert Miller,robert.miller@example.com,127.0.0.227,2022-08-19 17:33:03
908,Robert Martinez,robert.martinez@mail.com,127.0.0.255,2024-04-25 16:46:50
909,Richard Garcia,richard.garcia@email.com,127.0.0.52,2020-01-21 17:21:02
910,Susan Garcia,susan.garcia@mail.com,127.0.0.165,2023-03-09 13:19:38
911,James White,james.white@mail.com,127.0.0.11,2022-04-26 04:47:13
912,David Thompson,david.thompson@mail.com,127.0.0.176,2021-12-01 02:48:52
913,David Thompson,david.thompson@mail.com,127.0.0.248,2020-08-24 20:35:12
914,Robert Moore,robert.moore@mail.com,127.0.0.127,2020-05-21 04:23:06
915,Mary Johnson,mary.johnson@inbox.com,127.0.0.254,2022-09-22 01:31:25
916,James Miller,james.miller@example.com,127.0.0.58,2021-02-11 12:01:48
917,Charles Jones,charles.jones@email.com,127.0.0.162,2024-02-20 18:52:41
918,James Williams,james.williams@inbox.com,127.0.0.238,2022-06-26 21:46:06
919,Jennifer Anderson,jennifer.anderson@mail.com,127.0.0.114,2020-01-03 18:30:08
920,James Johnson,james.johnson@inbox.com,127.0.0.75,2023-03-12 01:59:27
921,William Martinez,william.martinez@example.com,127.0.0.182,2023-01-15 10:50:13
922,Linda Anderson,linda.anderson@email.com,127.0.0.176,2022-08-22 07:15:00
923,James Brown,james.brown@inbox.com,127.0.0.78,2022-10-27 16:12:51
924,Richard Jackson,richard.jackson@mail.com,127.0.0.172,2024-07-01 17:25:23
925,Barbara White,barbara.white@email.com,127.0.0.142,2023-12-25 09:09:58
926,Mary Jones,mary.jones@mail.com,127.0.0.87,2021-05-10 12:26:23
927,Patricia Garcia,patricia.garcia@email.com,127.0.0.67,2022-03-21 01:20:57
928,Jennifer Garcia,jennifer.garcia@email.com,127.0.0.108,2023-11-08 01:27:16
929,David Thomas,david.thomas@email.com,127.0.0.16,2020-09-26 20:25:25
930,Elizabeth Miller,elizabeth.miller@email.com,127.0.0.203,2024-06-17 17:14:14
931,Barbara Miller,barbara.miller@example.com,127.0.0.112,2021-05-24 10:09:34
932,David Moore,david.moore@email.com,127.0.0.242,2021-03-07 01:00:12
933,James Thomas,james.thomas@inbox.com,127.0.0.81,2023-05-09 13:22:02
934,Richard Anderson,richard.anderson@email.com,127.0.0.218,2022-02-01 00:07:02
935,David Williams,david.williams@email.com,127.0.0.234,2022-08-17 13:51:10
936,Jennifer Jackson,jennifer.jackson@inbox.com,127.0.0.89,2023-03-03 11:55:06
937,Elizabeth Smith,elizabeth.smith@example.com,127.0.0.103,2022-09-19 08:26:57
938,Michael Wilson,michael.wilson@email.com,127.0.0.92,2021-06-12 18:33:48
939,Jennifer Martin,jennifer.martin@example.com,127.0.0.95,2024-02-19 19:14:49
940,Elizabeth Hernandez,elizabeth.hernandez@email.com,127.0.0.235,2024-01-04 23:16:40
941,John Garcia,john.garcia@mail.com,127.0.0.220,2024-08-13 08:37:05
942,Richard Rodriguez,richard.rodriguez@mail.com,127.0.0.137,2024-04-05 03:02:52
943,Patricia White,patricia.white@mail.com,127.0.0.96,2021-01-08 00:00:55
944,Linda Martinez,linda.martinez@email.com,127.0.0.124,2022-01-24 14:55:59
945,James White,james.white@inbox.com,127.0.0.255,2024-02-08 14:49:09
946,Robert Davis,robert.davis@mail.com,127.0.0.85,2021-08-01 09:21:19
947,Sarah Smith,sarah.smith@mail.com,127.0.0.113,2020-08-04 00:27:12
948,Robert Miller,robert.miller@mail.com,127.0.0.71,2021-12-12 18:41:41
949,David Anderson,david.anderson@mail.com,127.0.0.112,2022-09-05 08:48:43
950,Michael Hernandez,michael.hernandez@inbox.com,127.0.0.67,2020-08-25 09:16:55
951,David Smith,david.smith@inbox.com,127.0.0.124,2021-02-03 21:50:18
952,David Thomas,david.thomas@example.com,127.0.0.15,2021-02-10 17:07:28
953,John Moore,john.moore@mail.com,127.0.0.233,2022-09-06 23:58:01
954,Thomas Thompson,thomas.thompson@mail.com,127.0.0.140,2020-05-08 12:49:15
955,Linda Moore,linda.moore@inbox.com,127.0.0.114,2024-11-17 06:35:26
956,Sarah Davis,sarah.davis@inbox.com,127.0.0.30,2024-02-13 14:33:12
957,Mary Moore,mary.moore@example.com,127.0.0.243,2021-06-16 16:43:41
958,John Miller,john.miller@example.com,127.0.0.203,2021-01-11 13:45:53
959,Jennifer Miller,jennifer.miller@example.com,127.0.0.204,2023-11-10 14:58:09
960,William Davis,william.davis@inbox.com,127.0.0.1,2024-04-16 19:15:13
961,Joseph Miller,joseph.miller@inbox.com,127.0.0.169,2022-03-19 03:34:46
962,Barbara Brown,barbara.brown@example.com,127.0.0.16,2024-01-19 08:28:00
963,John Thompson,john.thompson@inbox.com,127.0.0.200,2020-03-11 23:46:28
964,David Jones,david.jones@inbox.com,127.0.0.36,2021-09-17 11:52:34
965,Barbara Davis,barbara.davis@mail.com,127.0.0.201,2024-07-22 06:49:10
966,Richard White,richard.white@email.com,127.0.0.149,2020-01-07 21:07:51
967,Patricia Garcia,patricia.garcia@mail.com,127.0.0.171,2020-09-25 00:28:08
968,Thomas Johnson,thomas.johnson@inbox.com,127.0.0.241,2020-03-27 18:35:38
969,Patricia Williams,patricia.williams@inbox.com,127.0.0.73,2020-08-07 06:28:18
970,Karen Smith,karen.smith@inbox.com,127.0.0.161,2021-10-10 10:25:01
971,John Wilson,john.wilson@example.com,127.0.0.220,2024-09-09 05:42:47
972,Susan Brown,susan.brown@email.com,127.0.0.5,2022-05-22 01:29:30
973,Sarah Jackson,sarah.jackson@inbox.com,127.0.0.168,2020-04-12 19:52:32
974,William Johnson,william.johnson@example.com,127.0.0.234,2024-08-14 23:39:29
975,Thomas Anderson,thomas.anderson@inbox.com,127.0.0.85,2021-02-25 16:00:14
976,Elizabeth Rodriguez,elizabeth.rodriguez@mail.com,127.0.0.254,2021-04-05 10:53:32
977,Jessica Taylor,jessica.taylor@example.com,127.0.0.160,2020-07-15 22:29:47
978,Barbara Davis,barbara.davis@inbox.com,127.0.0.115,2024-04-18 21:36:17
979,James Moore,james.moore@email.com,127.0.0.30,2020-08-25 03:04:35
980,William Thomas,william.thomas@inbox.com,127.0.0.14,2020-02-22 00:53:48
981,Susan Smith,susan.smith@example.com,127.0.0.255,2023-08-15 07:33:10
982,Barbara Jones,barbara.jones@mail.com,127.0.0.13,2022-09-02 18:50:35
983,Jessica Jones,jessica.jones@example.com,127.0.0.202,2024-02-02 09:02:30
984,William Rodriguez,william.rodriguez@inbox.com,127.0.0.116,2021-01-05 06:11:21
985,Jessica Brown,jessica.brown@email.com,127.0.0.7,2020-06-09 05:57:34
986,Susan Brown,susan.brown@example.com,127.0.0.167,2022-01-14 08:17:57
987,Thomas Thompson,thomas.thompson@mail.com,127.0.0.89,2020-08-13 14:41:49
988,Jennifer Smith,jennifer.smith@example.com,127.0.0.7,2024-03-06 18:22:40
989,John Anderson,john.anderson@email.com,127.0.0.189,2022-02-28 08:23:38
990,Mary Johnson,mary.johnson@example.com,127.0.0.72,2020-09-17 01:43:33
991,Sarah Jackson,sarah.jackson@example.com,127.0.0.58,2021-09-25 18:01:09
992,David Jones,david.jones@inbox.com,127.0.0.61,2021-01-06 19:55:27
993,Mary Taylor,mary.taylor@mail.com,127.0.0.20,2023-11-15 13:33:36
994,Jessica Miller,jessica.miller@inbox.com,127.0.0.141,2021-05-26 14:17:44
995,Michael Hernandez,michael.hernandez@inbox.com,127.0.0.36,2023-07-25 12:31:52
996,Jessica Thomas,jessica.thomas@mail.com,127.0.0.144,2024-12-20 04:50:57
997,Jennifer Moore,jennifer.moore@email.com,127.0.0.64,2021-12-18 13:12:53
998,Charles Jones,charles.jones@inbox.com,127.0.0.208,2024-01-20 05:55:36
999,John Johnson,john.johnson@inbox.com,127.0.0.40,2020-01-05 09:19:25
1000,Patricia Taylor,patricia.taylor@email.com,127.0.0.115,2023-08-02 05:10:24
